<?xml version="1.0" encoding="UTF-8"?>
<kml xmlns="http://www.opengis.net/kml/2.2" xmlns:gx="http://www.google.com/kml/ext/2.2" xmlns:kml="http://www.opengis.net/kml/2.2" xmlns:atom="http://www.w3.org/2005/Atom">
<Document id="document">
	<name>Farm Project</name>
	<gx:CascadingStyle kml:id="__managed_style_0FCA5410F740EFE90714_highlight">
		<styleUrl>https://earth.google.com/balloon_components/base/1.1.0.0/card_template.kml#main</styleUrl>
		<Style>
			<IconStyle>
				<scale>1.2</scale>
				<Icon>
					<href>https://earth.google.com/earth/document/icon?color=1976d2&amp;id=2000&amp;scale=4</href>
				</Icon>
				<hotSpot x="64" y="128" xunits="pixels" yunits="insetPixels"/>
			</IconStyle>
			<LabelStyle>
			</LabelStyle>
			<LineStyle>
				<color>ff2dc0fb</color>
				<width>6</width>
			</LineStyle>
			<PolyStyle>
				<color>40ffffff</color>
			</PolyStyle>
			<BalloonStyle>
			</BalloonStyle>
		</Style>
	</gx:CascadingStyle>
	<gx:CascadingStyle kml:id="__managed_style_0FCA5410F740EFE90714_normal">
		<styleUrl>https://earth.google.com/balloon_components/base/1.1.0.0/card_template.kml#main</styleUrl>
		<Style>
			<IconStyle>
				<Icon>
					<href>https://earth.google.com/earth/document/icon?color=1976d2&amp;id=2000&amp;scale=4</href>
				</Icon>
				<hotSpot x="64" y="128" xunits="pixels" yunits="insetPixels"/>
			</IconStyle>
			<LabelStyle>
			</LabelStyle>
			<LineStyle>
				<color>ff2dc0fb</color>
				<width>4</width>
			</LineStyle>
			<PolyStyle>
				<color>40ffffff</color>
			</PolyStyle>
			<BalloonStyle>
			</BalloonStyle>
		</Style>
	</gx:CascadingStyle>
	<StyleMap id="__managed_style_0FCA5410F740EFE90714">
		<Pair>
			<key>normal</key>
			<styleUrl>#__managed_style_0FCA5410F740EFE90714_normal</styleUrl>
		</Pair>
		<Pair>
			<key>highlight</key>
			<styleUrl>#__managed_style_0FCA5410F740EFE90714_highlight</styleUrl>
		</Pair>
	</StyleMap>
	<Placemark id="008C7837C340EFE906DB">
		<name>Large Pen 1</name>
		<LookAt>
			<longitude>-111.8283684766401</longitude>
			<latitude>39.06809048996247</latitude>
			<altitude>1554.152982820984</altitude>
			<heading>0</heading>
			<tilt>0</tilt>
			<gx:fovy>59.99999983</gx:fovy>
			<range>430.9894070132577</range>
			<altitudeMode>absolute</altitudeMode>
		</LookAt>
		<styleUrl>#__managed_style_0FCA5410F740EFE90714</styleUrl>
		<Polygon>
			<outerBoundaryIs>
				<LinearRing>
					<coordinates>
						-111.8293127874158,39.06943345520384,0 -111.829273560212,39.06627961210467,0 -111.8285579681935,39.0662859400592,0 -111.8285902104602,39.06893587819571,0 -111.8279133264584,39.0695427143664,0 -111.8279528649641,39.0695737058679,0 -111.8291455288512,39.06955901250208,0 -111.8293127874158,39.06943345520384,0 
					</coordinates>
				</LinearRing>
			</outerBoundaryIs>
		</Polygon>
	</Placemark>
	<Placemark id="0AFB3E8DAC40EFEA3B51">
		<name>Large Pen 2</name>
		<LookAt>
			<longitude>-111.8284959926794</longitude>
			<latitude>39.06832020156056</latitude>
			<altitude>1554.230175675601</altitude>
			<heading>0</heading>
			<tilt>0</tilt>
			<gx:fovy>59.99999983</gx:fovy>
			<range>430.9121328969923</range>
			<altitudeMode>absolute</altitudeMode>
		</LookAt>
		<styleUrl>#__managed_style_0FCA5410F740EFE90714</styleUrl>
		<Polygon>
			<outerBoundaryIs>
				<LinearRing>
					<coordinates>
						-111.8285902104869,39.06893692574805,0 -111.8285585999248,39.06628593923541,0 -111.8278174235221,39.06629395289551,0 -111.8278590894435,39.06951088713817,0 -111.8279133201251,39.06954242705079,0 -111.8285902104869,39.06893692574805,0 
					</coordinates>
				</LinearRing>
			</outerBoundaryIs>
		</Polygon>
	</Placemark>
	<Placemark id="04B7D9104240EFEB2034">
		<name>Small Pen 1</name>
		<LookAt>
			<longitude>-111.8266801412679</longitude>
			<latitude>39.06885075719717</latitude>
			<altitude>1553.473411529324</altitude>
			<heading>0</heading>
			<tilt>0</tilt>
			<gx:fovy>59.99999983</gx:fovy>
			<range>431.6689278712875</range>
			<altitudeMode>absolute</altitudeMode>
		</LookAt>
		<styleUrl>#__managed_style_0FCA5410F740EFE90714</styleUrl>
		<Polygon>
			<outerBoundaryIs>
				<LinearRing>
					<coordinates>
						-111.8275058156769,39.06932329283435,0 -111.8266280405567,39.06933596077523,0 -111.8266312204821,39.06958899222641,0 -111.8275091772234,39.06957745357613,0 -111.8275058156769,39.06932329283435,0 
					</coordinates>
				</LinearRing>
			</outerBoundaryIs>
		</Polygon>
	</Placemark>
	<Placemark id="065FC3C21440EFEBED29">
		<name>Small Pen 2</name>
		<LookAt>
			<longitude>-111.8271507280283</longitude>
			<latitude>39.06924028428202</latitude>
			<altitude>1553.474423505129</altitude>
			<heading>0</heading>
			<tilt>0</tilt>
			<gx:fovy>59.99999983</gx:fovy>
			<range>148.1097967375899</range>
			<altitudeMode>absolute</altitudeMode>
		</LookAt>
		<styleUrl>#__managed_style_0FCA5410F740EFE90714</styleUrl>
		<Polygon>
			<outerBoundaryIs>
				<LinearRing>
					<coordinates>
						-111.8275032275068,39.06914046304113,0 -111.8266252400313,39.06914470633105,0 -111.8266268553339,39.06933596077577,0 -111.8275050879341,39.06932358500979,0 -111.8275032275068,39.06914046304113,0 
					</coordinates>
				</LinearRing>
			</outerBoundaryIs>
		</Polygon>
	</Placemark>
	<Placemark id="05429170CA40EFEC6820">
		<name>Small Pen 3</name>
		<LookAt>
			<longitude>-111.8271342864411</longitude>
			<latitude>39.06893880652878</latitude>
			<altitude>1553.618539604023</altitude>
			<heading>0</heading>
			<tilt>0</tilt>
			<gx:fovy>59.99999983</gx:fovy>
			<range>147.9656784247709</range>
			<altitudeMode>absolute</altitudeMode>
		</LookAt>
		<styleUrl>#__managed_style_0FCA5410F740EFE90714</styleUrl>
		<Polygon>
			<outerBoundaryIs>
				<LinearRing>
					<coordinates>
						-111.8274995577457,39.06887706653325,0 -111.8266209145268,39.06887143138545,0 -111.8266248464319,39.06914409803624,0 -111.8275032275068,39.06914046304642,0 -111.8274995577457,39.06887706653325,0 
					</coordinates>
				</LinearRing>
			</outerBoundaryIs>
		</Polygon>
	</Placemark>
	<Placemark id="09DFF73B6040EFECB8A6">
		<name>Small Pen 4</name>
		<LookAt>
			<longitude>-111.8271324884436</longitude>
			<latitude>39.06874033711137</latitude>
			<altitude>1553.787350081217</altitude>
			<heading>0</heading>
			<tilt>0</tilt>
			<gx:fovy>59.99999983</gx:fovy>
			<range>147.7968759686337</range>
			<altitudeMode>absolute</altitudeMode>
		</LookAt>
		<styleUrl>#__managed_style_0FCA5410F740EFE90714</styleUrl>
		<Polygon>
			<outerBoundaryIs>
				<LinearRing>
					<coordinates>
						-111.8274983824542,39.06870198605655,0 -111.826619806686,39.06870254997074,0 -111.8266216913244,39.06887113039693,0 -111.8274999246738,39.06887706250786,0 -111.8274983824542,39.06870198605655,0 
					</coordinates>
				</LinearRing>
			</outerBoundaryIs>
		</Polygon>
	</Placemark>
	<Placemark id="08EA535F7040EFED0CEF">
		<name>Small Pen 5</name>
		<LookAt>
			<longitude>-111.8271325523859</longitude>
			<latitude>39.06861599300001</latitude>
			<altitude>1553.911879667126</altitude>
			<heading>0</heading>
			<tilt>0</tilt>
			<gx:fovy>59.99999983</gx:fovy>
			<range>147.6723543160734</range>
			<altitudeMode>absolute</altitudeMode>
		</LookAt>
		<styleUrl>#__managed_style_0FCA5410F740EFE90714</styleUrl>
		<Polygon>
			<outerBoundaryIs>
				<LinearRing>
					<coordinates>
						-111.8274945716148,39.0684557407535,0 -111.8266161816428,39.06847771402504,0 -111.8266190319201,39.06870255016124,0 -111.8274983894695,39.06870232895022,0 -111.8274945716148,39.0684557407535,0 
					</coordinates>
				</LinearRing>
			</outerBoundaryIs>
		</Polygon>
	</Placemark>
	<Placemark id="03195AD0BD40EFED6B98">
		<name>Small Pen 6</name>
		<LookAt>
			<longitude>-111.8270818035108</longitude>
			<latitude>39.06813818144553</latitude>
			<altitude>1554.34976683005</altitude>
			<heading>0</heading>
			<tilt>0</tilt>
			<gx:fovy>59.99999983</gx:fovy>
			<range>147.2344715201689</range>
			<altitudeMode>absolute</altitudeMode>
		</LookAt>
		<styleUrl>#__managed_style_0FCA5410F740EFE90714</styleUrl>
		<Polygon>
			<outerBoundaryIs>
				<LinearRing>
					<coordinates>
						-111.8274923558378,39.06826143115332,0 -111.826614214307,39.06826408658509,0 -111.8266164744669,39.06847745175654,0 -111.8274945662373,39.06845545667121,0 -111.8274923558378,39.06826143115332,0 
					</coordinates>
				</LinearRing>
			</outerBoundaryIs>
		</Polygon>
	</Placemark>
	<Placemark id="02A50BF77C40EFEDB230">
		<name>Small Pen 7</name>
		<LookAt>
			<longitude>-111.8270818034699</longitude>
			<latitude>39.06813818144553</latitude>
			<altitude>1554.349766828635</altitude>
			<heading>0</heading>
			<tilt>0</tilt>
			<gx:fovy>59.99999983</gx:fovy>
			<range>147.2344715201689</range>
			<altitudeMode>absolute</altitudeMode>
		</LookAt>
		<styleUrl>#__managed_style_0FCA5410F740EFE90714</styleUrl>
		<Polygon>
			<outerBoundaryIs>
				<LinearRing>
					<coordinates>
						-111.8274867606097,39.06781753832789,0 -111.8266070002356,39.06781581147812,0 -111.8266130852259,39.06826412756112,0 -111.8274924120465,39.06826167003356,0 -111.8274867606097,39.06781753832789,0 
					</coordinates>
				</LinearRing>
			</outerBoundaryIs>
		</Polygon>
	</Placemark>
	<Placemark id="0E4568F58B40EFEE7B7F">
		<name>Small Pen 8</name>
		<LookAt>
			<longitude>-111.8269963565118</longitude>
			<latitude>39.06744357241642</latitude>
			<altitude>1554.617450524234</altitude>
			<heading>0</heading>
			<tilt>0</tilt>
			<gx:fovy>59.99999983</gx:fovy>
			<range>146.9667934251629</range>
			<altitudeMode>absolute</altitudeMode>
		</LookAt>
		<styleUrl>#__managed_style_0FCA5410F740EFE90714</styleUrl>
		<Polygon>
			<outerBoundaryIs>
				<LinearRing>
					<coordinates>
						-111.827480464528,39.06737227573545,0 -111.8266021920061,39.06737532624479,0 -111.826607408522,39.06781637758212,0 -111.8274866478649,39.06781715834688,0 -111.827480464528,39.06737227573545,0 
					</coordinates>
				</LinearRing>
			</outerBoundaryIs>
		</Polygon>
	</Placemark>
	<Placemark id="0CB6C7B64E40EFEEDAE1">
		<name>Small Pen 9</name>
		<LookAt>
			<longitude>-111.8269873774731</longitude>
			<latitude>39.06694933892986</latitude>
			<altitude>1555.002407791176</altitude>
			<heading>0</heading>
			<tilt>0</tilt>
			<gx:fovy>59.99999983</gx:fovy>
			<range>146.5818482661962</range>
			<altitudeMode>absolute</altitudeMode>
		</LookAt>
		<styleUrl>#__managed_style_0FCA5410F740EFE90714</styleUrl>
		<Polygon>
			<outerBoundaryIs>
				<LinearRing>
					<coordinates>
						-111.8274737368422,39.06689861366316,0 -111.8265946696354,39.06689932903769,0 -111.8266026696885,39.06737554485889,0 -111.8274799814402,39.06737242364034,0 -111.8274737368422,39.06689861366316,0 
					</coordinates>
				</LinearRing>
			</outerBoundaryIs>
		</Polygon>
	</Placemark>
	<Placemark id="0DE39BC18A40EFEF2F43">
		<name>Small Pen 10</name>
		<LookAt>
			<longitude>-111.82695323188</longitude>
			<latitude>39.06650121488889</latitude>
			<altitude>1555.472961597595</altitude>
			<heading>0</heading>
			<tilt>0</tilt>
			<gx:fovy>59.99999983</gx:fovy>
			<range>146.1113082327938</range>
			<altitudeMode>absolute</altitudeMode>
		</LookAt>
		<styleUrl>#__managed_style_0FCA5410F740EFE90714</styleUrl>
		<Polygon>
			<outerBoundaryIs>
				<LinearRing>
					<coordinates>
						-111.8274680133154,39.06629600913915,0 -111.8265378445556,39.06630489135942,0 -111.8265520839567,39.06689871658006,0 -111.8274743596999,39.06689901653107,0 -111.8274680133154,39.06629600913915,0 
					</coordinates>
				</LinearRing>
			</outerBoundaryIs>
		</Polygon>
	</Placemark>
	<Placemark id="08C19E832240EFEF988C">
		<name>North Alley</name>
		<LookAt>
			<longitude>-111.826327730361</longitude>
			<latitude>39.06929926262728</latitude>
			<altitude>1553.309463317506</altitude>
			<heading>0</heading>
			<tilt>0</tilt>
			<gx:fovy>59.99999983</gx:fovy>
			<range>148.2748096562318</range>
			<altitudeMode>absolute</altitudeMode>
		</LookAt>
		<styleUrl>#__managed_style_0FCA5410F740EFE90714</styleUrl>
		<Polygon>
			<outerBoundaryIs>
				<LinearRing>
					<coordinates>
						-111.8260486328801,39.06955839380026,0 -111.82604957573,39.06959006600972,0 -111.8265870413836,39.06958899132135,0 -111.8265857074572,39.06955645563158,0 -111.8260486328801,39.06955839380026,0 
					</coordinates>
				</LinearRing>
			</outerBoundaryIs>
		</Polygon>
	</Placemark>
	<Placemark id="0268511B9640EFEFDF54">
		<name>Recovery Pen 1</name>
		<LookAt>
			<longitude>-111.8263277303473</longitude>
			<latitude>39.06929926262728</latitude>
			<altitude>1553.309463317506</altitude>
			<heading>0</heading>
			<tilt>0</tilt>
			<gx:fovy>59.99999983</gx:fovy>
			<range>148.2748096562318</range>
			<altitudeMode>absolute</altitudeMode>
		</LookAt>
		<styleUrl>#__managed_style_0FCA5410F740EFE90714</styleUrl>
		<Polygon>
			<outerBoundaryIs>
				<LinearRing>
					<coordinates>
						-111.8265829542628,39.06933813334244,0 -111.8264302014919,39.06933850655827,0 -111.8264367719548,39.06955691782428,0 -111.8265860719557,39.069556166488,0 -111.8265829542628,39.06933813334244,0 
					</coordinates>
				</LinearRing>
			</outerBoundaryIs>
		</Polygon>
	</Placemark>
	<Placemark id="04B224ECA540EFF038EB">
		<name>Recovery Pen 2</name>
		<LookAt>
			<longitude>-111.8263277303337</longitude>
			<latitude>39.06929926262728</latitude>
			<altitude>1553.309463317506</altitude>
			<heading>0</heading>
			<tilt>0</tilt>
			<gx:fovy>59.99999983</gx:fovy>
			<range>148.2748096562318</range>
			<altitudeMode>absolute</altitudeMode>
		</LookAt>
		<styleUrl>#__managed_style_0FCA5410F740EFE90714</styleUrl>
		<Polygon>
			<outerBoundaryIs>
				<LinearRing>
					<coordinates>
						-111.8264309668541,39.06933784501064,0 -111.8262874708422,39.06933937542567,0 -111.826290449958,39.06955763271733,0 -111.8264363937259,39.06955635064183,0 -111.8264309668541,39.06933784501064,0 
					</coordinates>
				</LinearRing>
			</outerBoundaryIs>
		</Polygon>
	</Placemark>
	<Placemark id="05FD0211A440EFF08FB8">
		<name>Recovery Pen 3</name>
		<LookAt>
			<longitude>-111.82632773032</longitude>
			<latitude>39.06929926262728</latitude>
			<altitude>1553.309463318921</altitude>
			<heading>0</heading>
			<tilt>0</tilt>
			<gx:fovy>59.99999983</gx:fovy>
			<range>148.2748096562318</range>
			<altitudeMode>absolute</altitudeMode>
		</LookAt>
		<styleUrl>#__managed_style_0FCA5410F740EFE90714</styleUrl>
		<Polygon>
			<outerBoundaryIs>
				<LinearRing>
					<coordinates>
						-111.8262877064478,39.06933900770134,0 -111.8261393565238,39.06933945566617,0 -111.8261417218748,39.06952815072097,0 -111.8261796502146,39.06955751694912,0 -111.826290264337,39.06955723299883,0 -111.8262877064478,39.06933900770134,0 
					</coordinates>
				</LinearRing>
			</outerBoundaryIs>
		</Polygon>
	</Placemark>
	<Placemark id="09DF87EB3D40EFF10490">
		<name>Recovery Pen 4</name>
		<LookAt>
			<longitude>-111.8263277303064</longitude>
			<latitude>39.06929926262728</latitude>
			<altitude>1553.309463317506</altitude>
			<heading>0</heading>
			<tilt>0</tilt>
			<gx:fovy>59.99999983</gx:fovy>
			<range>148.2748096562318</range>
			<altitudeMode>absolute</altitudeMode>
		</LookAt>
		<styleUrl>#__managed_style_0FCA5410F740EFE90714</styleUrl>
		<Polygon>
			<outerBoundaryIs>
				<LinearRing>
					<coordinates>
						-111.8265803330658,39.06914526539907,0 -111.826435934213,39.0691454852285,0 -111.8264329610333,39.06933850654049,0 -111.8265829542628,39.06933813334244,0 -111.8265803330658,39.06914526539907,0 
					</coordinates>
				</LinearRing>
			</outerBoundaryIs>
		</Polygon>
	</Placemark>
	<Placemark id="02DCB55BBA40EFF14A60">
		<name>Recovery Pen 5</name>
		<LookAt>
			<longitude>-111.8263277302927</longitude>
			<latitude>39.06929926262728</latitude>
			<altitude>1553.309463317506</altitude>
			<heading>0</heading>
			<tilt>0</tilt>
			<gx:fovy>59.99999983</gx:fovy>
			<range>148.2748096562318</range>
			<altitudeMode>absolute</altitudeMode>
		</LookAt>
		<styleUrl>#__managed_style_0FCA5410F740EFE90714</styleUrl>
		<Polygon>
			<outerBoundaryIs>
				<LinearRing>
					<coordinates>
						-111.8264364860098,39.06914583971393,0 -111.8262873645572,39.06914683930894,0 -111.8262910125331,39.06930781474965,0 -111.8263237390936,39.06933906932116,0 -111.8264333321942,39.06933815107347,0 -111.8264364860098,39.06914583971393,0 
					</coordinates>
				</LinearRing>
			</outerBoundaryIs>
		</Polygon>
	</Placemark>
	<Placemark id="0064B7C6D240EFF22677">
		<name>Recovery Pen 6</name>
		<LookAt>
			<longitude>-111.8263277302791</longitude>
			<latitude>39.06929926262728</latitude>
			<altitude>1553.309463318921</altitude>
			<heading>0</heading>
			<tilt>0</tilt>
			<gx:fovy>59.99999983</gx:fovy>
			<range>148.2748096562318</range>
			<altitudeMode>absolute</altitudeMode>
		</LookAt>
		<styleUrl>#__managed_style_0FCA5410F740EFE90714</styleUrl>
		<Polygon>
			<outerBoundaryIs>
				<LinearRing>
					<coordinates>
						-111.8262874108292,39.06914675760064,0 -111.8260379244248,39.06914831223634,0 -111.8260378840359,39.06917962476341,0 -111.8259698275182,39.06918241405979,0 -111.8259678975354,39.06923939738891,0 -111.8260168576698,39.06923853517563,0 -111.8260361417086,39.06921108057007,0 -111.8261349628903,39.06922942042928,0 -111.826137452001,39.06922996331107,0 -111.8261398469136,39.06930715322473,0 -111.8261762164189,39.06933903426702,0 -111.8263251005181,39.06933831079509,0 -111.826291197623,39.06930923454836,0 -111.8262874108292,39.06914675760064,0 
					</coordinates>
				</LinearRing>
			</outerBoundaryIs>
		</Polygon>
	</Placemark>
	<Placemark id="0B97FA006140EFF29AD3">
		<name>South Alley</name>
		<LookAt>
			<longitude>-111.8261957819471</longitude>
			<latitude>39.0690758794339</latitude>
			<altitude>1553.464005353877</altitude>
			<heading>0</heading>
			<tilt>0</tilt>
			<gx:fovy>59.99999983</gx:fovy>
			<range>148.1202266573018</range>
			<altitudeMode>absolute</altitudeMode>
		</LookAt>
		<styleUrl>#__managed_style_0FCA5410F740EFE90714</styleUrl>
		<Polygon>
			<outerBoundaryIs>
				<LinearRing>
					<coordinates>
						-111.8258713986729,39.06911671396003,0 -111.825853357213,39.06913851899142,0 -111.8258470037844,39.06917136668714,0 -111.8258813211673,39.06917075112898,0 -111.8258930702285,39.0691485219359,0 -111.8265811180389,39.06914496041679,0 -111.8265795374425,39.06911084292626,0 -111.8258713986729,39.06911671396003,0 
					</coordinates>
				</LinearRing>
			</outerBoundaryIs>
		</Polygon>
	</Placemark>
	<Placemark id="031920DFA940EFF2ECF0">
		<name>Micro Pen 1</name>
		<LookAt>
			<longitude>-111.8261957819744</longitude>
			<latitude>39.06907587941276</latitude>
			<altitude>1553.464024218214</altitude>
			<heading>0</heading>
			<tilt>0</tilt>
			<gx:fovy>59.99999983</gx:fovy>
			<range>148.1201918909028</range>
			<altitudeMode>absolute</altitudeMode>
		</LookAt>
		<styleUrl>#__managed_style_0FCA5410F740EFE90714</styleUrl>
		<Polygon>
			<outerBoundaryIs>
				<LinearRing>
					<coordinates>
						-111.8265785872986,39.06897683850828,0 -111.8257431528327,39.06897896560744,0 -111.8257454961459,39.06911568615744,0 -111.8265797706863,39.06911123421831,0 -111.8265785872986,39.06897683850828,0 
					</coordinates>
				</LinearRing>
			</outerBoundaryIs>
		</Polygon>
	</Placemark>
	<Placemark id="0E9D95734940EFF339D7">
		<name>Micro Pen 2</name>
		<LookAt>
			<longitude>-111.8261957820017</longitude>
			<latitude>39.06907587939165</latitude>
			<altitude>1553.464014786753</altitude>
			<heading>0</heading>
			<tilt>0</tilt>
			<gx:fovy>59.99999983</gx:fovy>
			<range>148.1201803021031</range>
			<altitudeMode>absolute</altitudeMode>
		</LookAt>
		<styleUrl>#__managed_style_0FCA5410F740EFE90714</styleUrl>
		<Polygon>
			<outerBoundaryIs>
				<LinearRing>
					<coordinates>
						-111.826576134566,39.06884017054346,0 -111.8257408951986,39.06884108696266,0 -111.8257431516304,39.06897948079324,0 -111.8265782212026,39.06897712273854,0 -111.826576134566,39.06884017054346,0 
					</coordinates>
				</LinearRing>
			</outerBoundaryIs>
		</Polygon>
	</Placemark>
	<Placemark id="00D53E8A1E40EFF39C34">
		<name>Micro Pen 3</name>
		<LookAt>
			<longitude>-111.8262231712712</longitude>
			<latitude>39.06845070286971</latitude>
			<altitude>1554.336740669791</altitude>
			<heading>0</heading>
			<tilt>0</tilt>
			<gx:fovy>59.99999983</gx:fovy>
			<range>147.2474857422094</range>
			<altitudeMode>absolute</altitudeMode>
		</LookAt>
		<styleUrl>#__managed_style_0FCA5410F740EFE90714</styleUrl>
		<Polygon>
			<outerBoundaryIs>
				<LinearRing>
					<coordinates>
						-111.8265750691654,39.06870481124799,0 -111.8257378322332,39.06870230857911,0 -111.8257402319372,39.06884160193633,0 -111.8265757663003,39.06884017054876,0 -111.8265750691654,39.06870481124799,0 
					</coordinates>
				</LinearRing>
			</outerBoundaryIs>
		</Polygon>
	</Placemark>
	<Placemark id="004592797540EFF3FBCC">
		<name>Micro Pen 4</name>
		<LookAt>
			<longitude>-111.8262177160358</longitude>
			<latitude>39.06841823282466</latitude>
			<altitude>1554.388608286486</altitude>
			<heading>0</heading>
			<tilt>0</tilt>
			<gx:fovy>59.99999983</gx:fovy>
			<range>147.1956258636419</range>
			<altitudeMode>absolute</altitudeMode>
		</LookAt>
		<styleUrl>#__managed_style_0FCA5410F740EFE90714</styleUrl>
		<Polygon>
			<outerBoundaryIs>
				<LinearRing>
					<coordinates>
						-111.8265737137021,39.06856815009196,0 -111.8257341038252,39.06856638268521,0 -111.8257384943216,39.06870230822069,0 -111.8265743362356,39.06870538082847,0 -111.8265737137021,39.06856815009196,0 
					</coordinates>
				</LinearRing>
			</outerBoundaryIs>
		</Polygon>
	</Placemark>
	<Placemark id="0179B0B47040EFF44464">
		<name>Micro Pen 5</name>
		<LookAt>
			<longitude>-111.8262177160631</longitude>
			<latitude>39.06841823283853</latitude>
			<altitude>1554.388608286486</altitude>
			<heading>0</heading>
			<tilt>0</tilt>
			<gx:fovy>59.99999983</gx:fovy>
			<range>147.1956258636419</range>
			<altitudeMode>absolute</altitudeMode>
		</LookAt>
		<styleUrl>#__managed_style_0FCA5410F740EFE90714</styleUrl>
		<Polygon>
			<outerBoundaryIs>
				<LinearRing>
					<coordinates>
						-111.8265718013965,39.06843173243752,0 -111.8257357958879,39.06842947966869,0 -111.8257347273918,39.06856688585797,0 -111.8265738943681,39.06856790593928,0 -111.8265718013965,39.06843173243752,0 
					</coordinates>
				</LinearRing>
			</outerBoundaryIs>
		</Polygon>
	</Placemark>
	<Placemark id="031D43F27C40EFF48500">
		<name>Micro Pen 6</name>
		<LookAt>
			<longitude>-111.8262177160904</longitude>
			<latitude>39.06841823285241</latitude>
			<altitude>1554.388608286486</altitude>
			<heading>0</heading>
			<tilt>0</tilt>
			<gx:fovy>59.99999983</gx:fovy>
			<range>147.1956258636419</range>
			<altitudeMode>absolute</altitudeMode>
		</LookAt>
		<styleUrl>#__managed_style_0FCA5410F740EFE90714</styleUrl>
		<Polygon>
			<outerBoundaryIs>
				<LinearRing>
					<coordinates>
						-111.826569125332,39.06826131825348,0 -111.8257320568646,39.06825949135936,0 -111.8257353470636,39.06842923152938,0 -111.8265712315546,39.06843118036791,0 -111.826569125332,39.06826131825348,0 
					</coordinates>
				</LinearRing>
			</outerBoundaryIs>
		</Polygon>
	</Placemark>
	<Placemark id="0A4971813840EFF52D0F">
		<name>Small Pen 11</name>
		<LookAt>
			<longitude>-111.8261442336597</longitude>
			<latitude>39.06805846832096</latitude>
			<altitude>1554.709738841518</altitude>
			<heading>5.727199370473902e-09</heading>
			<tilt>0</tilt>
			<gx:fovy>59.99999983</gx:fovy>
			<range>227.9361838893601</range>
			<altitudeMode>absolute</altitudeMode>
		</LookAt>
		<styleUrl>#__managed_style_0FCA5410F740EFE90714</styleUrl>
		<Polygon>
			<outerBoundaryIs>
				<LinearRing>
					<coordinates>
						-111.8265627971996,39.06781407913722,0 -111.8257264986621,39.06781632519062,0 -111.8257314177906,39.06825949313365,0 -111.8265685131202,39.06826210735682,0 -111.8265627971996,39.06781407913722,0 
					</coordinates>
				</LinearRing>
			</outerBoundaryIs>
		</Polygon>
	</Placemark>
	<Placemark id="0B09D56EB940EFF56B10">
		<name>Small Pen 12</name>
		<LookAt>
			<longitude>-111.8261708736902</longitude>
			<latitude>39.06728156286373</latitude>
			<altitude>1555.018747514915</altitude>
			<heading>0</heading>
			<tilt>0</tilt>
			<gx:fovy>59.99999983</gx:fovy>
			<range>227.6272033122951</range>
			<altitudeMode>absolute</altitudeMode>
		</LookAt>
		<styleUrl>#__managed_style_0FCA5410F740EFE90714</styleUrl>
		<Polygon>
			<outerBoundaryIs>
				<LinearRing>
					<coordinates>
						-111.8265584556068,39.06737318089075,0 -111.8257187593306,39.06737211100295,0 -111.8257255613981,39.067817357452,0 -111.8265634445989,39.06781458178092,0 -111.8265584556068,39.06737318089075,0 
					</coordinates>
				</LinearRing>
			</outerBoundaryIs>
		</Polygon>
	</Placemark>
	<Placemark id="0897AAFB2F40EFF5B198">
		<name>Small Pen 13</name>
		<LookAt>
			<longitude>-111.8261708736629</longitude>
			<latitude>39.06728156282146</latitude>
			<altitude>1555.018747514915</altitude>
			<heading>0</heading>
			<tilt>0</tilt>
			<gx:fovy>59.99999983</gx:fovy>
			<range>227.627203312295</range>
			<altitudeMode>absolute</altitudeMode>
		</LookAt>
		<styleUrl>#__managed_style_0FCA5410F740EFE90714</styleUrl>
		<Polygon>
			<outerBoundaryIs>
				<LinearRing>
					<coordinates>
						-111.8265522989019,39.06692808560796,0 -111.8257110108349,39.06692615544064,0 -111.8257200450694,39.06737261010872,0 -111.8265589536767,39.06737377263003,0 -111.8265522989019,39.06692808560796,0 
					</coordinates>
				</LinearRing>
			</outerBoundaryIs>
		</Polygon>
	</Placemark>
	<Placemark id="087632796340EFF5FF41">
		<name>Small Pen 14</name>
		<LookAt>
			<longitude>-111.8261708736356</longitude>
			<latitude>39.06728156277919</latitude>
			<altitude>1555.018747514915</altitude>
			<heading>0</heading>
			<tilt>0</tilt>
			<gx:fovy>59.99999983</gx:fovy>
			<range>227.627203312295</range>
			<altitudeMode>absolute</altitudeMode>
		</LookAt>
		<styleUrl>#__managed_style_0FCA5410F740EFE90714</styleUrl>
		<Polygon>
			<outerBoundaryIs>
				<LinearRing>
					<coordinates>
						-111.8265384783077,39.06630390722594,0 -111.8257007771347,39.06631288569674,0 -111.8257128847967,39.06692664042543,0 -111.8265522989019,39.06692808562909,0 -111.8265384783077,39.06630390722594,0 
					</coordinates>
				</LinearRing>
			</outerBoundaryIs>
		</Polygon>
	</Placemark>
	<Placemark id="02EFBA2AC140EFF69EC0">
		<name>Center Alley(Mustang Only)</name>
		<LookAt>
			<longitude>-111.8267100913972</longitude>
			<latitude>39.06769685693475</latitude>
			<altitude>1554.709608904648</altitude>
			<heading>0</heading>
			<tilt>0</tilt>
			<gx:fovy>59.99999983</gx:fovy>
			<range>356.0755120457907</range>
			<altitudeMode>absolute</altitudeMode>
		</LookAt>
		<styleUrl>#__managed_style_0FCA5410F740EFE90714</styleUrl>
		<Polygon>
			<outerBoundaryIs>
				<LinearRing>
					<coordinates>
						-111.8266313175728,39.06959031972962,0 -111.8265951565622,39.06689811292187,0 -111.826552150321,39.06689877209477,0 -111.8265686611485,39.06825639814976,0 -111.8265866905894,39.06959017708989,0 -111.8266313175728,39.06959031972962,0 
					</coordinates>
				</LinearRing>
			</outerBoundaryIs>
		</Polygon>
	</Placemark>
	<Placemark id="0814E1112840EFF72E99">
		<name>Hay Stack 1</name>
		<LookAt>
			<longitude>-111.8271999275877</longitude>
			<latitude>39.06826574109738</latitude>
			<altitude>1554.06583249678</altitude>
			<heading>0</heading>
			<tilt>0</tilt>
			<gx:fovy>59.99999983</gx:fovy>
			<range>503.9064127302846</range>
			<altitudeMode>absolute</altitudeMode>
		</LookAt>
		<styleUrl>#__managed_style_0FCA5410F740EFE90714</styleUrl>
		<Polygon>
			<outerBoundaryIs>
				<LinearRing>
					<coordinates>
						-111.8277656590464,39.06873802711811,0 -111.8275996121901,39.06874696981198,0 -111.827604882614,39.06921921074106,0 -111.8277777275241,39.06921469966137,0 -111.8277656590464,39.06873802711811,0 
					</coordinates>
				</LinearRing>
			</outerBoundaryIs>
		</Polygon>
	</Placemark>
	<Placemark id="0C08C8D65F40EFF7A76E">
		<name>Barn(HQ)</name>
		<LookAt>
			<longitude>-111.8258245700283</longitude>
			<latitude>39.06932427177106</latitude>
			<altitude>1553.233381502277</altitude>
			<heading>0</heading>
			<tilt>0</tilt>
			<gx:fovy>59.99999983</gx:fovy>
			<range>70.18520114608691</range>
			<altitudeMode>absolute</altitudeMode>
		</LookAt>
		<styleUrl>#__managed_style_0FCA5410F740EFE90714</styleUrl>
		<Polygon>
			<outerBoundaryIs>
				<LinearRing>
					<coordinates>
						-111.8259613520469,39.06917216443718,0 -111.8257494458966,39.0691696698017,0 -111.8257504352741,39.06931188100198,0 -111.8259553765678,39.06931267673499,0 -111.8259613520469,39.06917216443718,0 
					</coordinates>
				</LinearRing>
			</outerBoundaryIs>
		</Polygon>
	</Placemark>
	<Placemark id="08A7A1FDC540F00D5D70">
		<name>Holding 1</name>
		<LookAt>
			<longitude>-111.8261008144668</longitude>
			<latitude>39.06931618573006</latitude>
			<altitude>1553.243257304212</altitude>
			<heading>359.1920616695286</heading>
			<tilt>0</tilt>
			<gx:fovy>59.99999983</gx:fovy>
			<range>25.06861913073408</range>
			<altitudeMode>absolute</altitudeMode>
		</LookAt>
		<styleUrl>#__managed_style_0FCA5410F740EFE90714</styleUrl>
		<Polygon>
			<outerBoundaryIs>
				<LinearRing>
					<coordinates>
						-111.8261758834229,39.06933920353709,0 -111.8261400100807,39.06930733234276,0 -111.8261370513311,39.06922987336085,0 -111.8260363073052,39.06921102482268,0 -111.8260168438981,39.06923889870509,0 -111.8260352638446,39.06924045823022,0 -111.8260385279993,39.06933870633718,0 -111.8261395353061,39.06933963277662,0 -111.8261758834229,39.06933920353709,0 
					</coordinates>
				</LinearRing>
			</outerBoundaryIs>
		</Polygon>
	</Placemark>
	<Placemark id="041F67150140F0114EA8">
		<name>North Large Pen</name>
		<LookAt>
			<longitude>-111.8266659016504</longitude>
			<latitude>39.06984602697873</latitude>
			<altitude>1552.94797148136</altitude>
			<heading>359.1920047371075</heading>
			<tilt>0</tilt>
			<gx:fovy>59.99999983</gx:fovy>
			<range>46.75964782836673</range>
			<altitudeMode>absolute</altitudeMode>
		</LookAt>
		<styleUrl>#__managed_style_0FCA5410F740EFE90714</styleUrl>
		<Polygon>
			<outerBoundaryIs>
				<LinearRing>
					<coordinates>
						-111.8263068576505,39.0709302174527,0 -111.8262879966245,39.07099591460888,0 -111.8272434888438,39.07009835440719,0 -111.8272390258849,39.06979053424298,0 -111.8262883057641,39.06978964838732,0 -111.8263068576505,39.0709302174527,0 
					</coordinates>
				</LinearRing>
			</outerBoundaryIs>
		</Polygon>
	</Placemark>
	<Placemark id="02002AA40240F011DA0C">
		<name>North Small Pen 1</name>
		<LookAt>
			<longitude>-111.8272895012779</longitude>
			<latitude>39.06994860771347</latitude>
			<altitude>1552.963334340867</altitude>
			<heading>359.192001156874</heading>
			<tilt>0</tilt>
			<gx:fovy>59.99999983</gx:fovy>
			<range>46.74428397719112</range>
			<altitudeMode>absolute</altitudeMode>
		</LookAt>
		<styleUrl>#__managed_style_0FCA5410F740EFE90714</styleUrl>
		<Polygon>
			<outerBoundaryIs>
				<LinearRing>
					<coordinates>
						-111.8272440333002,39.07009784934375,0 -111.8274161109292,39.0700683596283,0 -111.8274160524952,39.06982585716361,0 -111.8272399435906,39.06982447431163,0 -111.8272440333002,39.07009784934375,0 
					</coordinates>
				</LinearRing>
			</outerBoundaryIs>
		</Polygon>
	</Placemark>
	<Placemark id="010C508D3940F012426C">
		<name>North Small Pen 2</name>
		<LookAt>
			<longitude>-111.8274608103372</longitude>
			<latitude>39.06995308645917</latitude>
			<altitude>1552.539576540438</altitude>
			<heading>359.1920004718514</heading>
			<tilt>0</tilt>
			<gx:fovy>59.99999983</gx:fovy>
			<range>47.16803133468603</range>
			<altitudeMode>absolute</altitudeMode>
		</LookAt>
		<styleUrl>#__managed_style_0FCA5410F740EFE90714</styleUrl>
		<Polygon>
			<outerBoundaryIs>
				<LinearRing>
					<coordinates>
						-111.8274157291564,39.07006847268693,0 -111.8276082663396,39.07003538312507,0 -111.8276200549779,39.06982564322981,0 -111.8274160563976,39.069825257414,0 -111.8274157291564,39.07006847268693,0 
					</coordinates>
				</LinearRing>
			</outerBoundaryIs>
		</Polygon>
	</Placemark>
	<Placemark id="077830FCB240F01314D4">
		<name>North Feed 1</name>
		<LookAt>
			<longitude>-111.8275642229229</longitude>
			<latitude>39.07006897590975</latitude>
			<altitude>1552.227714760297</altitude>
			<heading>359.1919868873262</heading>
			<tilt>0</tilt>
			<gx:fovy>59.99999983</gx:fovy>
			<range>25.61310150049395</range>
			<altitudeMode>absolute</altitudeMode>
		</LookAt>
		<styleUrl>#__managed_style_0FCA5410F740EFE90714</styleUrl>
		<Polygon>
			<outerBoundaryIs>
				<LinearRing>
					<coordinates>
						-111.8272677575241,39.07012732770107,0 -111.8268921779628,39.07048242661617,0 -111.8271353234431,39.07066809640726,0 -111.827633469062,39.07032327193869,0 -111.827645987458,39.07006098005373,0 -111.8272677575241,39.07012732770107,0 
					</coordinates>
				</LinearRing>
			</outerBoundaryIs>
		</Polygon>
	</Placemark>
	<Placemark id="0A2E2A0C3740F013A074">
		<name>North Feed 2</name>
		<LookAt>
			<longitude>-111.8270256626423</longitude>
			<latitude>39.07066179024429</latitude>
			<altitude>1551.73276110396</altitude>
			<heading>359.1919782027668</heading>
			<tilt>0</tilt>
			<gx:fovy>59.99999983</gx:fovy>
			<range>25.58912137675634</range>
			<altitudeMode>absolute</altitudeMode>
		</LookAt>
		<styleUrl>#__managed_style_0FCA5410F740EFE90714</styleUrl>
		<Polygon>
			<outerBoundaryIs>
				<LinearRing>
					<coordinates>
						-111.8268923427951,39.07048208840064,0 -111.826442155103,39.07090236016701,0 -111.8266827069346,39.07108894664605,0 -111.8271357035304,39.07066787058719,0 -111.8268923427951,39.07048208840064,0 
					</coordinates>
				</LinearRing>
			</outerBoundaryIs>
		</Polygon>
	</Placemark>
	<Placemark id="079E3A9AFE40F014E0D1">
		<name>North Lot Alley(Buro Only)</name>
		<LookAt>
			<longitude>-111.8258464569134</longitude>
			<latitude>39.07138151560216</latitude>
			<altitude>1551.677810313424</altitude>
			<heading>359.1919510175845</heading>
			<tilt>0</tilt>
			<gx:fovy>59.99999983</gx:fovy>
			<range>26.21635936503026</range>
			<altitudeMode>absolute</altitudeMode>
		</LookAt>
		<styleUrl>#__managed_style_0FCA5410F740EFE90714</styleUrl>
		<Polygon>
			<outerBoundaryIs>
				<LinearRing>
					<coordinates>
						-111.82726695913,39.07012727394039,0 -111.8276456051871,39.07006147461461,0 -111.8276666259345,39.06975516997185,0 -111.8276241862356,39.06975476783844,0 -111.8276091890262,39.07003517167459,0 -111.8272442735335,39.07009798746489,0 -111.8258671896573,39.07138964250257,0 -111.8258829648931,39.07142782864804,0 -111.82726695913,39.07012727394039,0 
					</coordinates>
				</LinearRing>
			</outerBoundaryIs>
		</Polygon>
	</Placemark>
	<Placemark id="0C5C359FA040F016B384">
		<name>North Large Feed</name>
		<LookAt>
			<longitude>-111.8261229915103</longitude>
			<latitude>39.07202777762533</latitude>
			<altitude>1551.324481581371</altitude>
			<heading>2.593866228788784</heading>
			<tilt>0.1583669868136931</tilt>
			<gx:fovy>59.99999983</gx:fovy>
			<range>26.60075985041203</range>
			<altitudeMode>absolute</altitudeMode>
		</LookAt>
		<styleUrl>#__managed_style_0FCA5410F740EFE90714</styleUrl>
		<Polygon>
			<outerBoundaryIs>
				<LinearRing>
					<coordinates>
						-111.8263289583218,39.07156280186481,0 -111.8266832176761,39.07108900776038,0 -111.8264428934375,39.07090166193326,0 -111.8258604052611,39.0714484583155,0 -111.8258065762184,39.07145781274529,0 -111.8257904708348,39.07145855008392,0 -111.8258003962367,39.0719168439622,0 -111.8258487323756,39.07191583090066,0 -111.825851895171,39.07203190826439,0 -111.826094032209,39.07201561841203,0 -111.8263289583218,39.07156280186481,0 
					</coordinates>
				</LinearRing>
			</outerBoundaryIs>
		</Polygon>
	</Placemark>
	<Placemark id="03C22BC97F40F01772CC">
		<name>North Lot</name>
		<LookAt>
			<longitude>-111.8257676808805</longitude>
			<latitude>39.07198924686425</latitude>
			<altitude>1551.44103719036</altitude>
			<heading>2.593866227476401</heading>
			<tilt>0</tilt>
			<gx:fovy>59.99999983</gx:fovy>
			<range>26.48420260043167</range>
			<altitudeMode>absolute</altitudeMode>
		</LookAt>
		<styleUrl>#__managed_style_0FCA5410F740EFE90714</styleUrl>
		<Polygon>
			<outerBoundaryIs>
				<LinearRing>
					<coordinates>
						-111.8258019935467,39.07195449024817,0 -111.8257902367992,39.07145791414739,0 -111.8253984934952,39.07146005214222,0 -111.8253426489737,39.07145336471524,0 -111.825343949336,39.07161050776875,0 -111.8257420607979,39.07195594605149,0 -111.8258019935467,39.07195449024817,0 
					</coordinates>
				</LinearRing>
			</outerBoundaryIs>
		</Polygon>
	</Placemark>
	<Placemark id="0116DF45E140F0181F9C">
		<name>North Lot 2</name>
		<LookAt>
			<longitude>-111.8257354212099</longitude>
			<latitude>39.0714626475491</latitude>
			<altitude>1551.556723209319</altitude>
			<heading>2.593866227294519</heading>
			<tilt>0</tilt>
			<gx:fovy>59.99999983</gx:fovy>
			<range>26.36851740762722</range>
			<altitudeMode>absolute</altitudeMode>
		</LookAt>
		<styleUrl>#__managed_style_0FCA5410F740EFE90714</styleUrl>
		<Polygon>
			<outerBoundaryIs>
				<LinearRing>
					<coordinates>
						-111.8257962193987,39.07103159743273,0 -111.8253601404436,39.07101363594484,0 -111.8253605087164,39.07116671358253,0 -111.8253933733199,39.07123328497798,0 -111.8253988271737,39.07146013652414,0 -111.825806913855,39.07145824450092,0 -111.8257962193987,39.07103159743273,0 
					</coordinates>
				</LinearRing>
			</outerBoundaryIs>
		</Polygon>
	</Placemark>
	<Placemark id="0025B3CBF040F018D418">
		<name>North Lot 3</name>
		<LookAt>
			<longitude>-111.8257299265528</longitude>
			<latitude>39.07109491018624</latitude>
			<altitude>1551.958510633136</altitude>
			<heading>2.593866227130768</heading>
			<tilt>0</tilt>
			<gx:fovy>59.99999983</gx:fovy>
			<range>26.27370364304625</range>
			<altitudeMode>absolute</altitudeMode>
		</LookAt>
		<styleUrl>#__managed_style_0FCA5410F740EFE90714</styleUrl>
		<Polygon>
			<outerBoundaryIs>
				<LinearRing>
					<coordinates>
						-111.825785000497,39.07038892137332,0 -111.8254338652313,39.07039476382968,0 -111.8253869636064,39.07040516833668,0 -111.8253559677242,39.07040372877466,0 -111.8253604929454,39.07101397915509,0 -111.8257961233875,39.07103152471619,0 -111.825785000497,39.07038892137332,0 
					</coordinates>
				</LinearRing>
			</outerBoundaryIs>
		</Polygon>
	</Placemark>
	<Placemark id="0F5CD5591B40F0195228">
		<name>Buro North 1</name>
		<LookAt>
			<longitude>-111.8251700471725</longitude>
			<latitude>39.07141995220486</latitude>
			<altitude>1552.047018412918</altitude>
			<heading>2.593866226983744</heading>
			<tilt>0</tilt>
			<gx:fovy>59.99999983</gx:fovy>
			<range>26.18519418549113</range>
			<altitudeMode>absolute</altitudeMode>
		</LookAt>
		<styleUrl>#__managed_style_0FCA5410F740EFE90714</styleUrl>
		<Polygon>
			<outerBoundaryIs>
				<LinearRing>
					<coordinates>
						-111.8253090613971,39.0712191708749,0 -111.824934880556,39.07121371659348,0 -111.8249405823588,39.07144346124397,0 -111.8253427881916,39.07145268142113,0 -111.8253090613971,39.0712191708749,0 
					</coordinates>
				</LinearRing>
			</outerBoundaryIs>
		</Polygon>
	</Placemark>
	<Placemark id="00871EE21B40F019D857">
		<name>Buro North 2</name>
		<LookAt>
			<longitude>-111.8251530166782</longitude>
			<latitude>39.07112421121236</latitude>
			<altitude>1552.109294310862</altitude>
			<heading>2.593866226837575</heading>
			<tilt>0</tilt>
			<gx:fovy>59.99999983</gx:fovy>
			<range>26.12291887321135</range>
			<altitudeMode>absolute</altitudeMode>
		</LookAt>
		<styleUrl>#__managed_style_0FCA5410F740EFE90714</styleUrl>
		<Polygon>
			<outerBoundaryIs>
				<LinearRing>
					<coordinates>
						-111.8253064101537,39.07108282778184,0 -111.8249335406259,39.07108834347896,0 -111.8249353007719,39.07121378873381,0 -111.8253091962002,39.07121911951785,0 -111.8253064101537,39.07108282778184,0 
					</coordinates>
				</LinearRing>
			</outerBoundaryIs>
		</Polygon>
	</Placemark>
	<Placemark id="08F51F8C3A40F01A4E47">
		<name>Buro North 3</name>
		<LookAt>
			<longitude>-111.8250089907768</longitude>
			<latitude>39.07103366199514</latitude>
			<altitude>1552.554776848356</altitude>
			<heading>2.593866226784433</heading>
			<tilt>0</tilt>
			<gx:fovy>59.99999983</gx:fovy>
			<range>25.67743382471691</range>
			<altitudeMode>absolute</altitudeMode>
		</LookAt>
		<styleUrl>#__managed_style_0FCA5410F740EFE90714</styleUrl>
		<Polygon>
			<outerBoundaryIs>
				<LinearRing>
					<coordinates>
						-111.8253059934045,39.07108340788675,0 -111.8253046915149,39.07095463457383,0 -111.824931117591,39.07095473428826,0 -111.8249340337725,39.07108798279136,0 -111.8253059934045,39.07108340788675,0 
					</coordinates>
				</LinearRing>
			</outerBoundaryIs>
		</Polygon>
	</Placemark>
	<Placemark id="034C0A618E40F01B65AF">
		<name>North Lot Center Alley(Buro Only)</name>
		<LookAt>
			<longitude>-111.8253065745729</longitude>
			<latitude>39.07102744868878</latitude>
			<altitude>1552.608315524129</altitude>
			<heading>2.59386622643866</heading>
			<tilt>0</tilt>
			<gx:fovy>59.99999983</gx:fovy>
			<range>26.01022359072432</range>
			<altitudeMode>absolute</altitudeMode>
		</LookAt>
		<styleUrl>#__managed_style_0FCA5410F740EFE90714</styleUrl>
		<Polygon>
			<outerBoundaryIs>
				<LinearRing>
					<coordinates>
						-111.8252906663551,39.07034885481973,0 -111.8252990732906,39.0703980583903,0 -111.8253087180547,39.07121856851836,0 -111.8253428114247,39.07145339846342,0 -111.8253990446121,39.0714602285981,0 -111.8253943614115,39.07123389841469,0 -111.8253604199828,39.07116770903324,0 -111.8253550215432,39.07024697149331,0 -111.8253800150618,39.07021626229884,0 -111.8253847841564,39.07017518580408,0 -111.8252949610758,39.07017520571537,0 -111.8252906663551,39.07034885481973,0 
					</coordinates>
				</LinearRing>
			</outerBoundaryIs>
		</Polygon>
	</Placemark>
	<Placemark id="05FBED8C7440F01C34AB">
		<name>Buro North 4</name>
		<LookAt>
			<longitude>-111.8252279554522</longitude>
			<latitude>39.0708957902508</latitude>
			<altitude>1552.55814596225</altitude>
			<heading>2.593866226319045</heading>
			<tilt>0</tilt>
			<gx:fovy>59.99999983</gx:fovy>
			<range>26.06040309333821</range>
			<altitudeMode>absolute</altitudeMode>
		</LookAt>
		<styleUrl>#__managed_style_0FCA5410F740EFE90714</styleUrl>
		<Polygon>
			<outerBoundaryIs>
				<LinearRing>
					<coordinates>
						-111.8253027936633,39.07081457033936,0 -111.8249307991914,39.07080930228904,0 -111.8249314229185,39.07095460346817,0 -111.8253041204434,39.07095466409626,0 -111.8253027936633,39.07081457033936,0 
					</coordinates>
				</LinearRing>
			</outerBoundaryIs>
		</Polygon>
	</Placemark>
	<Placemark id="0C4F50427240F01CD9CE">
		<name>Buro North 5</name>
		<LookAt>
			<longitude>-111.825256285636</longitude>
			<latitude>39.07083253144556</latitude>
			<altitude>1552.558242581321</altitude>
			<heading>2.59386622610146</heading>
			<tilt>0</tilt>
			<gx:fovy>59.99999983</gx:fovy>
			<range>26.06030748574085</range>
			<altitudeMode>absolute</altitudeMode>
		</LookAt>
		<styleUrl>#__managed_style_0FCA5410F740EFE90714</styleUrl>
		<Polygon>
			<outerBoundaryIs>
				<LinearRing>
					<coordinates>
						-111.8253025720772,39.07067586592107,0 -111.8249271978957,39.07067302901742,0 -111.8249306648244,39.07080931059414,0 -111.8253039400954,39.07081437864668,0 -111.8253025720772,39.07067586592107,0 
					</coordinates>
				</LinearRing>
			</outerBoundaryIs>
		</Polygon>
	</Placemark>
	<Placemark id="0DF47F2D2240F01D3DB7">
		<name>Buro North 6</name>
		<LookAt>
			<longitude>-111.8251438419745</longitude>
			<latitude>39.0706246056448</latitude>
			<altitude>1552.575758733741</altitude>
			<heading>2.593866226075114</heading>
			<tilt>0</tilt>
			<gx:fovy>59.99999983</gx:fovy>
			<range>26.04279391222462</range>
			<altitudeMode>absolute</altitudeMode>
		</LookAt>
		<styleUrl>#__managed_style_0FCA5410F740EFE90714</styleUrl>
		<Polygon>
			<outerBoundaryIs>
				<LinearRing>
					<coordinates>
						-111.8253003921361,39.0705331131068,0 -111.824928906566,39.0705341933683,0 -111.8249279648396,39.07067299026019,0 -111.8253022432852,39.07067564246774,0 -111.8253003921361,39.0705331131068,0 
					</coordinates>
				</LinearRing>
			</outerBoundaryIs>
		</Polygon>
	</Placemark>
	<Placemark id="0FF670A74240F01DDA63">
		<name>Buro North 7</name>
		<LookAt>
			<longitude>-111.8250819271931</longitude>
			<latitude>39.07048382105878</latitude>
			<altitude>1552.804019702365</altitude>
			<heading>2.5938662260423</heading>
			<tilt>0</tilt>
			<gx:fovy>59.99999983</gx:fovy>
			<range>25.81453222212986</range>
			<altitudeMode>absolute</altitudeMode>
		</LookAt>
		<styleUrl>#__managed_style_0FCA5410F740EFE90714</styleUrl>
		<Polygon>
			<outerBoundaryIs>
				<LinearRing>
					<coordinates>
						-111.825296367723,39.07039197176479,0 -111.8250278872887,39.07038707218617,0 -111.8249523623428,39.07039026095502,0 -111.8249281067555,39.07039729549151,0 -111.8249291426084,39.07053441788889,0 -111.8253005788895,39.07053303984074,0 -111.825296367723,39.07039197176479,0 
					</coordinates>
				</LinearRing>
			</outerBoundaryIs>
		</Polygon>
	</Placemark>
	<Placemark id="0B9D78C2B540F01FA567">
		<name>Hay Barn (Equipment Barn)</name>
		<LookAt>
			<longitude>-111.825758058201</longitude>
			<latitude>39.07016039829775</latitude>
			<altitude>1553.650693724648</altitude>
			<heading>2.593866225899057</heading>
			<tilt>0</tilt>
			<gx:fovy>59.99999983</gx:fovy>
			<range>115.709517694977</range>
			<altitudeMode>absolute</altitudeMode>
		</LookAt>
		<styleUrl>#__managed_style_0FCA5410F740EFE90714</styleUrl>
		<Polygon>
			<outerBoundaryIs>
				<LinearRing>
					<coordinates>
						-111.8256378581674,39.06992664778014,0 -111.8254148238469,39.06992844216384,0 -111.8254120847377,39.07020693770271,0 -111.8256396142237,39.07020967130683,0 -111.8256378581674,39.06992664778014,0 
					</coordinates>
				</LinearRing>
			</outerBoundaryIs>
		</Polygon>
	</Placemark>
	<Placemark id="0466675A5B40F06475F0">
		<name>Hay Stack 2</name>
		<LookAt>
			<longitude>-111.8276728300979</longitude>
			<latitude>39.06852070513597</latitude>
			<altitude>1553.977996575962</altitude>
			<heading>2.593866225608686</heading>
			<tilt>0</tilt>
			<gx:fovy>59.99999983</gx:fovy>
			<range>99.64127609722709</range>
			<altitudeMode>absolute</altitudeMode>
		</LookAt>
		<styleUrl>#__managed_style_0FCA5410F740EFE90714</styleUrl>
		<Polygon>
			<outerBoundaryIs>
				<LinearRing>
					<coordinates>
						-111.8277867382519,39.06829615485815,0 -111.8275881102986,39.06829480014795,0 -111.8275916362247,39.06873223859271,0 -111.8277762917713,39.06873075413841,0 -111.8277867382519,39.06829615485815,0 
					</coordinates>
				</LinearRing>
			</outerBoundaryIs>
		</Polygon>
	</Placemark>
	<Placemark id="0F7F05F96840F064BB60">
		<name>Hay Stack 3</name>
		<LookAt>
			<longitude>-111.8277344905884</longitude>
			<latitude>39.06803983465043</latitude>
			<altitude>1554.236706583837</altitude>
			<heading>2.593866225590833</heading>
			<tilt>0</tilt>
			<gx:fovy>59.99999983</gx:fovy>
			<range>99.38256773317335</range>
			<altitudeMode>absolute</altitudeMode>
		</LookAt>
		<styleUrl>#__managed_style_0FCA5410F740EFE90714</styleUrl>
		<Polygon>
			<outerBoundaryIs>
				<LinearRing>
					<coordinates>
						-111.8277855035783,39.06791635020124,0 -111.8275783075008,39.06791359741422,0 -111.8275827337489,39.06828689444738,0 -111.8277870563001,39.06829064457497,0 -111.8277855035783,39.06791635020124,0 
					</coordinates>
				</LinearRing>
			</outerBoundaryIs>
		</Polygon>
	</Placemark>
	<Placemark id="0A2D00B2E540F06501D3">
		<name>Hay Stack 4</name>
		<LookAt>
			<longitude>-111.8277305012268</longitude>
			<latitude>39.06761016595218</latitude>
			<altitude>1554.391225934906</altitude>
			<heading>2.593866225573524</heading>
			<tilt>0</tilt>
			<gx:fovy>59.99999983</gx:fovy>
			<range>99.22806585584112</range>
			<altitudeMode>absolute</altitudeMode>
		</LookAt>
		<styleUrl>#__managed_style_0FCA5410F740EFE90714</styleUrl>
		<Polygon>
			<outerBoundaryIs>
				<LinearRing>
					<coordinates>
						-111.8277866466564,39.0674225339214,0 -111.8275750136624,39.06742640979141,0 -111.8275837387066,39.06789807688211,0 -111.8277821252552,39.06790165344489,0 -111.8277866466564,39.0674225339214,0 
					</coordinates>
				</LinearRing>
			</outerBoundaryIs>
		</Polygon>
	</Placemark>
	<Placemark id="09770499CE40F0655B49">
		<name>Hay Stack 5</name>
		<LookAt>
			<longitude>-111.8277474683015</longitude>
			<latitude>39.06714409306301</latitude>
			<altitude>1554.73838062783</altitude>
			<heading>2.593866225546115</heading>
			<tilt>0</tilt>
			<gx:fovy>59.99999983</gx:fovy>
			<range>98.88090018383085</range>
			<altitudeMode>absolute</altitudeMode>
		</LookAt>
		<styleUrl>#__managed_style_0FCA5410F740EFE90714</styleUrl>
		<Polygon>
			<outerBoundaryIs>
				<LinearRing>
					<coordinates>
						-111.8277774186123,39.06697896546197,0 -111.82756548437,39.06698290401597,0 -111.8275756679997,39.06741481970759,0 -111.8277873010153,39.06741094371147,0 -111.8277774186123,39.06697896546197,0 
					</coordinates>
				</LinearRing>
			</outerBoundaryIs>
		</Polygon>
	</Placemark>
	<Placemark id="0A6B08C23240F065B0EC">
		<name>Hay Stack 6</name>
		<LookAt>
			<longitude>-111.827833998958</longitude>
			<latitude>39.06672902569198</latitude>
			<altitude>1555.278787423847</altitude>
			<heading>2.593866225530794</heading>
			<tilt>0</tilt>
			<gx:fovy>59.99999983</gx:fovy>
			<range>98.34049127715843</range>
			<altitudeMode>absolute</altitudeMode>
		</LookAt>
		<styleUrl>#__managed_style_0FCA5410F740EFE90714</styleUrl>
		<Polygon>
			<outerBoundaryIs>
				<LinearRing>
					<coordinates>
						-111.8277597364058,39.06646945600804,0 -111.8275684369731,39.06646518931962,0 -111.8275690458875,39.06697128838543,0 -111.8277764212026,39.06696977751395,0 -111.8277597364058,39.06646945600804,0 
					</coordinates>
				</LinearRing>
			</outerBoundaryIs>
		</Polygon>
	</Placemark>
	<Placemark id="0EF5321BDA40F0660B14">
		<name>Hay Stack 7</name>
		<LookAt>
			<longitude>-111.8280789334434</longitude>
			<latitude>39.06625673382649</latitude>
			<altitude>1555.696839435183</altitude>
			<heading>2.593866225503825</heading>
			<tilt>0</tilt>
			<gx:fovy>59.99999983</gx:fovy>
			<range>97.92242532870662</range>
			<altitudeMode>absolute</altitudeMode>
		</LookAt>
		<styleUrl>#__managed_style_0FCA5410F740EFE90714</styleUrl>
		<Polygon>
			<outerBoundaryIs>
				<LinearRing>
					<coordinates>
						-111.8285464107755,39.06617003801413,0 -111.8278522556357,39.06617566519611,0 -111.8278523204241,39.06629179349736,0 -111.8285479359504,39.06628384410379,0 -111.8285464107755,39.06617003801413,0 
					</coordinates>
				</LinearRing>
			</outerBoundaryIs>
		</Polygon>
	</Placemark>
	<Placemark id="08A39DBF8C40F0665298">
		<name>Hay Stack 8</name>
		<LookAt>
			<longitude>-111.8289434077903</longitude>
			<latitude>39.06624133750513</latitude>
			<altitude>1555.635583884933</altitude>
			<heading>2.593866225484988</heading>
			<tilt>0</tilt>
			<gx:fovy>59.99999983</gx:fovy>
			<range>97.98368372381447</range>
			<altitudeMode>absolute</altitudeMode>
		</LookAt>
		<styleUrl>#__managed_style_0FCA5410F740EFE90714</styleUrl>
		<Polygon>
			<outerBoundaryIs>
				<LinearRing>
					<coordinates>
						-111.8291615210997,39.06617098134394,0 -111.828588696271,39.06616809903851,0 -111.8285944877827,39.06628320128031,0 -111.8291623894942,39.0662787815407,0 -111.8291615210997,39.06617098134394,0 
					</coordinates>
				</LinearRing>
			</outerBoundaryIs>
		</Polygon>
	</Placemark>
	<Placemark id="0A980B717340F066A480">
		<name>Hay Stack 9</name>
		<LookAt>
			<longitude>-111.8271324420012</longitude>
			<latitude>39.06631452224116</latitude>
			<altitude>1555.723542737283</altitude>
			<heading>2.59386622544913</heading>
			<tilt>0</tilt>
			<gx:fovy>59.99999983</gx:fovy>
			<range>97.89573632304382</range>
			<altitudeMode>absolute</altitudeMode>
		</LookAt>
		<styleUrl>#__managed_style_0FCA5410F740EFE90714</styleUrl>
		<Polygon>
			<outerBoundaryIs>
				<LinearRing>
					<coordinates>
						-111.8274609874431,39.06617818164201,0 -111.826570951864,39.06618148640061,0 -111.8265744143305,39.06630439471173,0 -111.8274687118193,39.06629674687041,0 -111.8274609874431,39.06617818164201,0 
					</coordinates>
				</LinearRing>
			</outerBoundaryIs>
		</Polygon>
	</Placemark>
	<Placemark id="0921295DA940F0670426">
		<name>Hay Stack 10</name>
		<LookAt>
			<longitude>-111.8262824899529</longitude>
			<latitude>39.06634807947871</latitude>
			<altitude>1555.627525832629</altitude>
			<heading>2.59386622542158</heading>
			<tilt>0</tilt>
			<gx:fovy>59.99999983</gx:fovy>
			<range>97.99174952839167</range>
			<altitudeMode>absolute</altitudeMode>
		</LookAt>
		<styleUrl>#__managed_style_0FCA5410F740EFE90714</styleUrl>
		<Polygon>
			<outerBoundaryIs>
				<LinearRing>
					<coordinates>
						-111.8265412744034,39.06630520027311,0 -111.8265390265879,39.06618804793858,0 -111.8257318409366,39.06619515716649,0 -111.8257392499518,39.06631619601421,0 -111.8265412744034,39.06630520027311,0 
					</coordinates>
				</LinearRing>
			</outerBoundaryIs>
		</Polygon>
	</Placemark>
	<Placemark id="071AEA83A140F0677B48">
		<name>Hay Stack 11</name>
		<LookAt>
			<longitude>-111.8299309795877</longitude>
			<latitude>39.06916010519944</latitude>
			<altitude>1551.93177104672</altitude>
			<heading>2.593866225260824</heading>
			<tilt>0</tilt>
			<gx:fovy>59.99999983</gx:fovy>
			<range>101.687487279105</range>
			<altitudeMode>absolute</altitudeMode>
		</LookAt>
		<styleUrl>#__managed_style_0FCA5410F740EFE90714</styleUrl>
		<Polygon>
			<outerBoundaryIs>
				<LinearRing>
					<coordinates>
						-111.8296412682549,39.06943386246839,0 -111.8296494047576,39.06886941223038,0 -111.8295334560798,39.06887109924119,0 -111.8295388632464,39.0694342693019,0 -111.8296412682549,39.06943386246839,0 
					</coordinates>
				</LinearRing>
			</outerBoundaryIs>
		</Polygon>
	</Placemark>
	<Placemark id="0F897EE06D40F067D254">
		<name>Hay Stack 12</name>
		<LookAt>
			<longitude>-111.8299309795877</longitude>
			<latitude>39.06916010519944</latitude>
			<altitude>1551.931780478181</altitude>
			<heading>2.593866225260824</heading>
			<tilt>0</tilt>
			<gx:fovy>59.99999983</gx:fovy>
			<range>101.6874756903053</range>
			<altitudeMode>absolute</altitudeMode>
		</LookAt>
		<styleUrl>#__managed_style_0FCA5410F740EFE90714</styleUrl>
		<Polygon>
			<outerBoundaryIs>
				<LinearRing>
					<coordinates>
						-111.8298377822052,39.06944144297575,0 -111.829866290565,39.06886465235173,0 -111.8297300869876,39.06885942522504,0 -111.8297259779723,39.06943522636467,0 -111.8298377822052,39.06944144297575,0 
					</coordinates>
				</LinearRing>
			</outerBoundaryIs>
		</Polygon>
	</Placemark>
	<Placemark id="0E172A430A40F06839EE">
		<name>Hay Stack 13</name>
		<LookAt>
			<longitude>-111.8299309795877</longitude>
			<latitude>39.06916010519944</latitude>
			<altitude>1551.931780478181</altitude>
			<heading>2.593866225260641</heading>
			<tilt>0</tilt>
			<gx:fovy>59.99999983</gx:fovy>
			<range>101.6874756903053</range>
			<altitudeMode>absolute</altitudeMode>
		</LookAt>
		<styleUrl>#__managed_style_0FCA5410F740EFE90714</styleUrl>
		<Polygon>
			<outerBoundaryIs>
				<LinearRing>
					<coordinates>
						-111.8301100401109,39.06885304828741,0 -111.8299594987387,39.06885024340595,0 -111.8299479561828,39.06943519418986,0 -111.8300813375178,39.06943867049483,0 -111.8301100401109,39.06885304828741,0 
					</coordinates>
				</LinearRing>
			</outerBoundaryIs>
		</Polygon>
	</Placemark>
	<Placemark id="0320BB966740F0687090">
		<name>Hay Stack 14</name>
		<LookAt>
			<longitude>-111.8299309795877</longitude>
			<latitude>39.06916010519944</latitude>
			<altitude>1551.931780478181</altitude>
			<heading>2.593866225260079</heading>
			<tilt>0</tilt>
			<gx:fovy>59.99999983</gx:fovy>
			<range>101.6874756903053</range>
			<altitudeMode>absolute</altitudeMode>
		</LookAt>
		<styleUrl>#__managed_style_0FCA5410F740EFE90714</styleUrl>
		<Polygon>
			<outerBoundaryIs>
				<LinearRing>
					<coordinates>
						-111.8304049027606,39.0689256016462,0 -111.8302469239065,39.06891776074557,0 -111.8302247621279,39.06945073517009,0 -111.8303999035099,39.0694592259774,0 -111.8304049027606,39.0689256016462,0 
					</coordinates>
				</LinearRing>
			</outerBoundaryIs>
		</Polygon>
	</Placemark>
	<Placemark id="087FD9904240F06906DC">
		<name>Hay Stack 15</name>
		<LookAt>
			<longitude>-111.8298729299804</longitude>
			<latitude>39.06860797309737</latitude>
			<altitude>1552.78998976136</altitude>
			<heading>2.593866225196125</heading>
			<tilt>0</tilt>
			<gx:fovy>59.99999983</gx:fovy>
			<range>100.8292671300115</range>
			<altitudeMode>absolute</altitudeMode>
		</LookAt>
		<styleUrl>#__managed_style_0FCA5410F740EFE90714</styleUrl>
		<Polygon>
			<outerBoundaryIs>
				<LinearRing>
					<coordinates>
						-111.8296609674089,39.06826872571621,0 -111.8295344993553,39.06826691512983,0 -111.8295200661961,39.06871234369097,0 -111.829639896826,39.06871542187189,0 -111.8296609674089,39.06826872571621,0 
					</coordinates>
				</LinearRing>
			</outerBoundaryIs>
		</Polygon>
	</Placemark>
	<Placemark id="0E71C3150E40F0694D40">
		<name>Hay Stack 16</name>
		<LookAt>
			<longitude>-111.8298729299804</longitude>
			<latitude>39.06860797307625</latitude>
			<altitude>1552.78998976136</altitude>
			<heading>2.593866225196125</heading>
			<tilt>0</tilt>
			<gx:fovy>59.99999983</gx:fovy>
			<range>100.8292671300114</range>
			<altitudeMode>absolute</altitudeMode>
		</LookAt>
		<styleUrl>#__managed_style_0FCA5410F740EFE90714</styleUrl>
		<Polygon>
			<outerBoundaryIs>
				<LinearRing>
					<coordinates>
						-111.8298743166246,39.06833104521446,0 -111.8297401263998,39.06832881458988,0 -111.8297332370669,39.06871528726025,0 -111.8298680025575,39.06871785721597,0 -111.8298743166246,39.06833104521446,0 
					</coordinates>
				</LinearRing>
			</outerBoundaryIs>
		</Polygon>
	</Placemark>
	<Placemark id="0F9077AEFB40F0698C83">
		<name>Hay Stack 17</name>
		<LookAt>
			<longitude>-111.8298729299804</longitude>
			<latitude>39.06860797305512</latitude>
			<altitude>1552.78998976136</altitude>
			<heading>2.593866225196125</heading>
			<tilt>0</tilt>
			<gx:fovy>59.99999983</gx:fovy>
			<range>100.8292671300115</range>
			<altitudeMode>absolute</altitudeMode>
		</LookAt>
		<styleUrl>#__managed_style_0FCA5410F740EFE90714</styleUrl>
		<Polygon>
			<outerBoundaryIs>
				<LinearRing>
					<coordinates>
						-111.830102417778,39.0685889870577,0 -111.8299616206802,39.06858522575076,0 -111.829956094908,39.06870945979315,0 -111.8300986833196,39.06871225777789,0 -111.830102417778,39.0685889870577,0 
					</coordinates>
				</LinearRing>
			</outerBoundaryIs>
		</Polygon>
	</Placemark>
	<Placemark id="0EFF513E2B40F069ED1C">
		<name>Hay Stack 18</name>
		<LookAt>
			<longitude>-111.8294790957688</longitude>
			<latitude>39.06924549849901</latitude>
			<altitude>1552.326706424383</altitude>
			<heading>2.593866225162391</heading>
			<tilt>0</tilt>
			<gx:fovy>59.99999983</gx:fovy>
			<range>101.2925525748142</range>
			<altitudeMode>absolute</altitudeMode>
		</LookAt>
		<styleUrl>#__managed_style_0FCA5410F740EFE90714</styleUrl>
		<Polygon>
			<outerBoundaryIs>
				<LinearRing>
					<coordinates>
						-111.8294393360321,39.06921230557138,0 -111.8294313969691,39.06876645864175,0 -111.829360138212,39.06876739662692,0 -111.8293646606734,39.06921427976661,0 -111.8294393360321,39.06921230557138,0 
					</coordinates>
				</LinearRing>
			</outerBoundaryIs>
		</Polygon>
	</Placemark>
	<Placemark id="0E9BCBD39D40F06A6CE6">
		<name>Equipment Barn</name>
		<LookAt>
			<longitude>-111.8265846902341</longitude>
			<latitude>39.07060330003431</latitude>
			<altitude>1552.305082441407</altitude>
			<heading>2.59386622503271</heading>
			<tilt>0</tilt>
			<gx:fovy>59.99999983</gx:fovy>
			<range>185.6370187025823</range>
			<altitudeMode>absolute</altitudeMode>
		</LookAt>
		<styleUrl>#__managed_style_0FCA5410F740EFE90714</styleUrl>
		<Polygon>
			<outerBoundaryIs>
				<LinearRing>
					<coordinates>
						-111.8261556697121,39.0703416788394,0 -111.8259228130851,39.07033820173605,0 -111.8259160664935,39.07083306628915,0 -111.8261506854305,39.07083704162382,0 -111.8261556697121,39.0703416788394,0 
					</coordinates>
				</LinearRing>
			</outerBoundaryIs>
		</Polygon>
	</Placemark>
	<Placemark id="0811B3468640F06AB930">
		<name>Welding Shop</name>
		<LookAt>
			<longitude>-111.826692020272</longitude>
			<latitude>39.07006474556736</latitude>
			<altitude>1552.595027189913</altitude>
			<heading>2.593866225015132</heading>
			<tilt>0</tilt>
			<gx:fovy>59.99999983</gx:fovy>
			<range>185.3470901121909</range>
			<altitudeMode>absolute</altitudeMode>
		</LookAt>
		<styleUrl>#__managed_style_0FCA5410F740EFE90714</styleUrl>
		<Polygon>
			<outerBoundaryIs>
				<LinearRing>
					<coordinates>
						-111.8262004990876,39.06983565870824,0 -111.8259784272775,39.06983429190332,0 -111.8259751550038,39.07002161545478,0 -111.8261943355023,39.07002297232884,0 -111.8262004990876,39.06983565870824,0 
					</coordinates>
				</LinearRing>
			</outerBoundaryIs>
		</Polygon>
	</Placemark>
	<Placemark id="02E2692C1440F06B5CDE">
		<name>Tac She</name>
		<LookAt>
			<longitude>-111.8265062087594</longitude>
			<latitude>39.0692281860643</latitude>
			<altitude>1553.348076599643</altitude>
			<heading>2.593866224912479</heading>
			<tilt>0</tilt>
			<gx:fovy>59.99999983</gx:fovy>
			<range>184.594015142593</range>
			<altitudeMode>absolute</altitudeMode>
		</LookAt>
		<styleUrl>#__managed_style_0FCA5410F740EFE90714</styleUrl>
		<LineString>
			<coordinates>
				-111.8260443532798,39.06960508874823,0 -111.8260442483268,39.06937528784318,0 -111.8259432465266,39.06938645738239,0 -111.8259360645064,39.06946004128315,0 -111.8259657478389,39.06946319347556,0 -111.8259713156615,39.06960041153481,0 -111.8260362243454,39.06960480275352,0 
			</coordinates>
		</LineString>
	</Placemark>
	<Placemark id="0BB7EAD41040F06E9FF0">
		<name>Gate</name>
		<LookAt>
			<longitude>-111.8261840543287</longitude>
			<latitude>39.06952365566478</latitude>
			<altitude>1553.154927115145</altitude>
			<heading>359.9081264726245</heading>
			<tilt>0</tilt>
			<gx:fovy>59.99999983</gx:fovy>
			<range>37.79857950389669</range>
			<altitudeMode>absolute</altitudeMode>
		</LookAt>
		<styleUrl>#__managed_style_0FCA5410F740EFE90714</styleUrl>
		<Point>
			<coordinates>-111.8261407671228,39.06954315510888,1553.166459456208</coordinates>
		</Point>
	</Placemark>
	<Placemark id="03CD128B7840F06ED0DC">
		<name>Gate</name>
		<LookAt>
			<longitude>-111.826344865506</longitude>
			<latitude>39.06948037950274</latitude>
			<altitude>1553.154947825598</altitude>
			<heading>359.9081253043103</heading>
			<tilt>0</tilt>
			<gx:fovy>59.99999983</gx:fovy>
			<range>37.79856212069718</range>
			<altitudeMode>absolute</altitudeMode>
		</LookAt>
		<styleUrl>#__managed_style_0FCA5410F740EFE90714</styleUrl>
		<Point>
			<coordinates>-111.8263111634054,39.06955510909934,1553.154927516905</coordinates>
		</Point>
	</Placemark>
	<Placemark id="011231410F40F06EF21B">
		<name>Gate</name>
		<LookAt>
			<longitude>-111.826344865506</longitude>
			<latitude>39.06948037950274</latitude>
			<altitude>1553.154947825598</altitude>
			<heading>359.9081253043103</heading>
			<tilt>0</tilt>
			<gx:fovy>59.99999983</gx:fovy>
			<range>37.79856212069718</range>
			<altitudeMode>absolute</altitudeMode>
		</LookAt>
		<styleUrl>#__managed_style_0FCA5410F740EFE90714</styleUrl>
		<Point>
			<coordinates>-111.8264565432701,39.06955626963163,1553.154923776575</coordinates>
		</Point>
	</Placemark>
	<Placemark id="04C88EDE1740F06F03E0">
		<name>Gate</name>
		<LookAt>
			<longitude>-111.826344865506</longitude>
			<latitude>39.06948037950274</latitude>
			<altitude>1553.154947825598</altitude>
			<heading>359.9081253043103</heading>
			<tilt>0</tilt>
			<gx:fovy>59.99999983</gx:fovy>
			<range>37.79856212069718</range>
			<altitudeMode>absolute</altitudeMode>
		</LookAt>
		<styleUrl>#__managed_style_0FCA5410F740EFE90714</styleUrl>
		<Point>
			<coordinates>-111.8265860087068,39.06957253709437,1553.130433237793</coordinates>
		</Point>
	</Placemark>
	<Placemark id="0ABF782A2440F06F1C76">
		<name>Gate</name>
		<LookAt>
			<longitude>-111.8263903978287</longitude>
			<latitude>39.06946133783399</latitude>
			<altitude>1553.15496048953</altitude>
			<heading>359.9081243479007</heading>
			<tilt>0</tilt>
			<gx:fovy>59.99999983</gx:fovy>
			<range>37.79854763469757</range>
			<altitudeMode>absolute</altitudeMode>
		</LookAt>
		<styleUrl>#__managed_style_0FCA5410F740EFE90714</styleUrl>
		<Point>
			<coordinates>-111.8265854243889,39.06953973586582,1553.131487496024</coordinates>
		</Point>
	</Placemark>
	<Placemark id="01310D740740F06F5F5F">
		<name>Gate</name>
		<LookAt>
			<longitude>-111.8265389304082</longitude>
			<latitude>39.06902822545337</latitude>
			<altitude>1553.4670924081</altitude>
			<heading>359.908118210243</heading>
			<tilt>0</tilt>
			<gx:fovy>59.99999983</gx:fovy>
			<range>37.48641490411956</range>
			<altitudeMode>absolute</altitudeMode>
		</LookAt>
		<styleUrl>#__managed_style_0FCA5410F740EFE90714</styleUrl>
		<Point>
			<coordinates>-111.8265788130061,39.0690928499702,1553.470213941549</coordinates>
		</Point>
	</Placemark>
	<Placemark id="006227718840F06F77B7">
		<name>Gate</name>
		<LookAt>
			<longitude>-111.8265595521551</longitude>
			<latitude>39.06892991463068</latitude>
			<altitude>1553.614660267477</altitude>
			<heading>359.908117442846</heading>
			<tilt>0</tilt>
			<gx:fovy>59.99999983</gx:fovy>
			<range>37.33884602619582</range>
			<altitudeMode>absolute</altitudeMode>
		</LookAt>
		<styleUrl>#__managed_style_0FCA5410F740EFE90714</styleUrl>
		<Point>
			<coordinates>-111.8266010598959,39.06887053620402,1553.635681153304</coordinates>
		</Point>
	</Placemark>
	<Placemark id="0406F8030540F06F9014">
		<name>Gate</name>
		<LookAt>
			<longitude>-111.8265595521551</longitude>
			<latitude>39.06892991463068</latitude>
			<altitude>1553.614660267477</altitude>
			<heading>359.908117442846</heading>
			<tilt>0</tilt>
			<gx:fovy>59.99999983</gx:fovy>
			<range>37.33884602619582</range>
			<altitudeMode>absolute</altitudeMode>
		</LookAt>
		<styleUrl>#__managed_style_0FCA5410F740EFE90714</styleUrl>
		<Point>
			<coordinates>-111.8265771507311,39.0689598888552,1553.61852599652</coordinates>
		</Point>
	</Placemark>
	<Placemark id="00844FAA5C40F06FA4EE">
		<name>Gate</name>
		<LookAt>
			<longitude>-111.826559338039</longitude>
			<latitude>39.06882624870304</latitude>
			<altitude>1553.646713813673</altitude>
			<heading>359.9081166238577</heading>
			<tilt>0</tilt>
			<gx:fovy>59.99999983</gx:fovy>
			<range>37.30679430348118</range>
			<altitudeMode>absolute</altitudeMode>
		</LookAt>
		<styleUrl>#__managed_style_0FCA5410F740EFE90714</styleUrl>
		<Point>
			<coordinates>-111.8265763088973,39.068823463934,1553.644912751236</coordinates>
		</Point>
	</Placemark>
	<Placemark id="08326D229140F06FF3C8">
		<name>Gate</name>
		<LookAt>
			<longitude>-111.8266156861065</longitude>
			<latitude>39.06920572893748</latitude>
			<altitude>1553.368273983271</altitude>
			<heading>1.698608180875354</heading>
			<tilt>0.2229763490656135</tilt>
			<gx:fovy>59.99999983</gx:fovy>
			<range>37.58790381731615</range>
			<altitudeMode>absolute</altitudeMode>
		</LookAt>
		<styleUrl>#__managed_style_0FCA5410F740EFE90714</styleUrl>
		<Point>
			<coordinates>-111.8266543480287,39.06914525269692,1553.422713819782</coordinates>
		</Point>
	</Placemark>
	<Placemark id="0E7A7E16E640F0703CE1">
		<name>Gate</name>
		<LookAt>
			<longitude>-111.8266156861065</longitude>
			<latitude>39.06920572893748</latitude>
			<altitude>1553.368273983271</altitude>
			<heading>1.698608180875354</heading>
			<tilt>0.2229763490656135</tilt>
			<gx:fovy>59.99999983</gx:fovy>
			<range>37.58790381731615</range>
			<altitudeMode>absolute</altitudeMode>
		</LookAt>
		<styleUrl>#__managed_style_0FCA5410F740EFE90714</styleUrl>
		<Point>
			<coordinates>-111.8265794640098,39.06913073610882,1553.435774880831</coordinates>
		</Point>
	</Placemark>
	<Placemark id="01434F78E740F0706754">
		<name>Gate</name>
		<LookAt>
			<longitude>-111.8266524800907</longitude>
			<latitude>39.06915033600301</latitude>
			<altitude>1553.418135481413</altitude>
			<heading>1.698608182870749</heading>
			<tilt>0.2229763452881721</tilt>
			<gx:fovy>59.99999983</gx:fovy>
			<range>37.53804010949352</range>
			<altitudeMode>absolute</altitudeMode>
		</LookAt>
		<styleUrl>#__managed_style_0FCA5410F740EFE90714</styleUrl>
		<Point>
			<coordinates>-111.8266247373725,39.06912681843795,1553.439300408154</coordinates>
		</Point>
	</Placemark>
	<Placemark id="064DB0264140F0708DF9">
		<name>Gate</name>
		<LookAt>
			<longitude>-111.8266657357155</longitude>
			<latitude>39.06934970644404</latitude>
			<altitude>1553.238719918499</altitude>
			<heading>1.698608184060723</heading>
			<tilt>0.222976350870155</tilt>
			<gx:fovy>59.99999983</gx:fovy>
			<range>37.71746080333742</range>
			<altitudeMode>absolute</altitudeMode>
		</LookAt>
		<styleUrl>#__managed_style_0FCA5410F740EFE90714</styleUrl>
		<Point>
			<coordinates>-111.8266557099107,39.06933679517026,1553.250337477981</coordinates>
		</Point>
	</Placemark>
	<Placemark id="06052EE05640F070A158">
		<name>Gate</name>
		<LookAt>
			<longitude>-111.8266657357155</longitude>
			<latitude>39.06934970644404</latitude>
			<altitude>1553.238719918499</altitude>
			<heading>1.698608184060723</heading>
			<tilt>0.222976350870155</tilt>
			<gx:fovy>59.99999983</gx:fovy>
			<range>37.71746080333742</range>
			<altitudeMode>absolute</altitudeMode>
		</LookAt>
		<styleUrl>#__managed_style_0FCA5410F740EFE90714</styleUrl>
		<Point>
			<coordinates>-111.8266264868092,39.0693198053602,1553.265620405609</coordinates>
		</Point>
	</Placemark>
	<Placemark id="098CEC738C40F070BC70">
		<name>Gate</name>
		<LookAt>
			<longitude>-111.8266607426817</longitude>
			<latitude>39.06954974574622</latitude>
			<altitude>1553.082055414403</altitude>
			<heading>1.69860817997154</heading>
			<tilt>0.2229763556103453</tilt>
			<gx:fovy>59.99999983</gx:fovy>
			<range>37.87412399180995</range>
			<altitudeMode>absolute</altitudeMode>
		</LookAt>
		<styleUrl>#__managed_style_0FCA5410F740EFE90714</styleUrl>
		<Point>
			<coordinates>-111.8266307692703,39.06957595964565,1553.049886478166</coordinates>
		</Point>
	</Placemark>
	<Placemark id="073F1728B940F070E3F0">
		<name>Gate</name>
		<LookAt>
			<longitude>-111.8266187407668</longitude>
			<latitude>39.06942183595689</latitude>
			<altitude>1553.173822537022</altitude>
			<heading>1.698608183301769</heading>
			<tilt>0.2229763500136516</tilt>
			<gx:fovy>59.99999983</gx:fovy>
			<range>37.78235808154477</range>
			<altitudeMode>absolute</altitudeMode>
		</LookAt>
		<styleUrl>#__managed_style_0FCA5410F740EFE90714</styleUrl>
		<Point>
			<coordinates>-111.8264512889378,39.06933757115812,1553.309465446552</coordinates>
		</Point>
	</Placemark>
	<Placemark id="09B5FEB2EA40F071047F">
		<name>Gate</name>
		<LookAt>
			<longitude>-111.8263042318956</longitude>
			<latitude>39.0692394125433</latitude>
			<altitude>1553.309458589751</altitude>
			<heading>1.698608185411236</heading>
			<tilt>0.2229763442142738</tilt>
			<gx:fovy>59.99999983</gx:fovy>
			<range>37.64671987289148</range>
			<altitudeMode>absolute</altitudeMode>
		</LookAt>
		<styleUrl>#__managed_style_0FCA5410F740EFE90714</styleUrl>
		<Point>
			<coordinates>-111.8263077594222,39.06932090720957,1553.30946062543</coordinates>
		</Point>
	</Placemark>
	<Placemark id="0032D1461540F07113FB">
		<name>Gate</name>
		<LookAt>
			<longitude>-111.8263042318956</longitude>
			<latitude>39.0692394125433</latitude>
			<altitude>1553.309458589751</altitude>
			<heading>1.698608185411236</heading>
			<tilt>0.2229763442142738</tilt>
			<gx:fovy>59.99999983</gx:fovy>
			<range>37.64671987289148</range>
			<altitudeMode>absolute</altitudeMode>
		</LookAt>
		<styleUrl>#__managed_style_0FCA5410F740EFE90714</styleUrl>
		<Point>
			<coordinates>-111.8261596460272,39.06932409587665,1553.246986351341</coordinates>
		</Point>
	</Placemark>
	<Placemark id="058286532E40F07126F1">
		<name>Gate</name>
		<LookAt>
			<longitude>-111.8261775940198</longitude>
			<latitude>39.06937571516531</latitude>
			<altitude>1553.263148089677</altitude>
			<heading>1.698608179793239</heading>
			<tilt>0.222976345353554</tilt>
			<gx:fovy>59.99999983</gx:fovy>
			<range>37.69303451081214</range>
			<altitudeMode>absolute</altitudeMode>
		</LookAt>
		<styleUrl>#__managed_style_0FCA5410F740EFE90714</styleUrl>
		<Point>
			<coordinates>-111.8260528485917,39.06933769570398,1553.275948148097</coordinates>
		</Point>
	</Placemark>
	<Placemark id="0A2A16A36540F071BEC4">
		<name>Gate</name>
		<LookAt>
			<longitude>-111.8265951946541</longitude>
			<latitude>39.06882329171317</latitude>
			<altitude>1553.620295133173</altitude>
			<heading>1.698608183271039</heading>
			<tilt>0.222976328370595</tilt>
			<gx:fovy>59.99999983</gx:fovy>
			<range>37.33588219067769</range>
			<altitudeMode>absolute</altitudeMode>
		</LookAt>
		<styleUrl>#__managed_style_0FCA5410F740EFE90714</styleUrl>
		<Point>
			<coordinates>-111.8266519752739,39.06887072523075,1553.68665348571</coordinates>
		</Point>
	</Placemark>
	<Placemark id="06A9504A6E40F071D0A9">
		<name>Gate</name>
		<LookAt>
			<longitude>-111.8265951946541</longitude>
			<latitude>39.06882329171317</latitude>
			<altitude>1553.620295133173</altitude>
			<heading>1.698608183270006</heading>
			<tilt>0.2229763283607877</tilt>
			<gx:fovy>59.99999983</gx:fovy>
			<range>37.33588219067769</range>
			<altitudeMode>absolute</altitudeMode>
		</LookAt>
		<styleUrl>#__managed_style_0FCA5410F740EFE90714</styleUrl>
		<Point>
			<coordinates>-111.8266225357297,39.06885348821491,1553.653735169192</coordinates>
		</Point>
	</Placemark>
	<Placemark id="0FCCB0402D40F07207D6">
		<name>Gate</name>
		<LookAt>
			<longitude>-111.8265867862333</longitude>
			<latitude>39.06865808164218</latitude>
			<altitude>1553.880904694137</altitude>
			<heading>1.698608184324831</heading>
			<tilt>0.2229763180304405</tilt>
			<gx:fovy>59.99999983</gx:fovy>
			<range>37.07527036627653</range>
			<altitudeMode>absolute</altitudeMode>
		</LookAt>
		<styleUrl>#__managed_style_0FCA5410F740EFE90714</styleUrl>
		<Point>
			<coordinates>-111.8265753828193,39.06868553488061,1553.85578895008</coordinates>
		</Point>
	</Placemark>
	<Placemark id="03E67DB88340F0722230">
		<name>Gate</name>
		<LookAt>
			<longitude>-111.8265867862333</longitude>
			<latitude>39.06865808164218</latitude>
			<altitude>1553.880904694137</altitude>
			<heading>1.698608184324831</heading>
			<tilt>0.2229763180304405</tilt>
			<gx:fovy>59.99999983</gx:fovy>
			<range>37.07527036627653</range>
			<altitudeMode>absolute</altitudeMode>
		</LookAt>
		<styleUrl>#__managed_style_0FCA5410F740EFE90714</styleUrl>
		<Point>
			<coordinates>-111.826618986224,39.06868613910925,1553.825173529787</coordinates>
		</Point>
	</Placemark>
	<Placemark id="0FDEBD95D540F07238F9">
		<name>Gate</name>
		<LookAt>
			<longitude>-111.8265601807621</longitude>
			<latitude>39.06856271764907</latitude>
			<altitude>1554.134844695761</altitude>
			<heading>1.69860817904007</heading>
			<tilt>0.2229763082640121</tilt>
			<gx:fovy>59.99999983</gx:fovy>
			<range>36.82132789609114</range>
			<altitudeMode>absolute</altitudeMode>
		</LookAt>
		<styleUrl>#__managed_style_0FCA5410F740EFE90714</styleUrl>
		<Point>
			<coordinates>-111.826572527348,39.06855062788081,1554.163292713437</coordinates>
		</Point>
	</Placemark>
	<Placemark id="071F58E99240F0724FAB">
		<name>Gate</name>
		<LookAt>
			<longitude>-111.8265601807621</longitude>
			<latitude>39.06856271764907</latitude>
			<altitude>1554.134844695761</altitude>
			<heading>1.698608179042983</heading>
			<tilt>0.2229763082525702</tilt>
			<gx:fovy>59.99999983</gx:fovy>
			<range>36.82132789609114</range>
			<altitudeMode>absolute</altitudeMode>
		</LookAt>
		<styleUrl>#__managed_style_0FCA5410F740EFE90714</styleUrl>
		<Point>
			<coordinates>-111.826638150819,39.06847589575508,1554.344146379621</coordinates>
		</Point>
	</Placemark>
	<Placemark id="0573F8E44B40F07266B3">
		<name>Gate</name>
		<LookAt>
			<longitude>-111.8265601807621</longitude>
			<latitude>39.06856271764907</latitude>
			<altitude>1554.134844695761</altitude>
			<heading>1.698608179042983</heading>
			<tilt>0.2229763082525702</tilt>
			<gx:fovy>59.99999983</gx:fovy>
			<range>36.82132789609114</range>
			<altitudeMode>absolute</altitudeMode>
		</LookAt>
		<styleUrl>#__managed_style_0FCA5410F740EFE90714</styleUrl>
		<Point>
			<coordinates>-111.8266160225071,39.06846338700619,1554.373227144062</coordinates>
		</Point>
	</Placemark>
	<Placemark id="0DD147D21B40F0727FE7">
		<name>Gate</name>
		<LookAt>
			<longitude>-111.8265510415876</longitude>
			<latitude>39.06842151266016</latitude>
			<altitude>1554.391239184503</altitude>
			<heading>1.698608184513122</heading>
			<tilt>0.222976298574407</tilt>
			<gx:fovy>59.99999983</gx:fovy>
			<range>36.56493439477345</range>
			<altitudeMode>absolute</altitudeMode>
		</LookAt>
		<styleUrl>#__managed_style_0FCA5410F740EFE90714</styleUrl>
		<Point>
			<coordinates>-111.826570710415,39.06841258665076,1554.391486623484</coordinates>
		</Point>
	</Placemark>
	<Placemark id="0556B45A6840F0729489">
		<name>Gate</name>
		<LookAt>
			<longitude>-111.8265732288648</longitude>
			<latitude>39.06824587779096</latitude>
			<altitude>1554.534459327151</altitude>
			<heading>1.698608181397141</heading>
			<tilt>0.2229762929548282</tilt>
			<gx:fovy>59.99999983</gx:fovy>
			<range>36.42170841952976</range>
			<altitudeMode>absolute</altitudeMode>
		</LookAt>
		<styleUrl>#__managed_style_0FCA5410F740EFE90714</styleUrl>
		<Point>
			<coordinates>-111.8266133894638,39.06824451871971,1554.537683732417</coordinates>
		</Point>
	</Placemark>
	<Placemark id="0A6DB5AC9140F072A6A8">
		<name>Gate</name>
		<LookAt>
			<longitude>-111.8265732288648</longitude>
			<latitude>39.06824587779096</latitude>
			<altitude>1554.534459327151</altitude>
			<heading>1.698608181397141</heading>
			<tilt>0.2229762929548282</tilt>
			<gx:fovy>59.99999983</gx:fovy>
			<range>36.42170841952976</range>
			<altitudeMode>absolute</altitudeMode>
		</LookAt>
		<styleUrl>#__managed_style_0FCA5410F740EFE90714</styleUrl>
		<Point>
			<coordinates>-111.8265674395262,39.06824346094653,1554.54364626039</coordinates>
		</Point>
	</Placemark>
	<Placemark id="0053CF51D040F072FA29">
		<name>Gate</name>
		<LookAt>
			<longitude>-111.8265338295694</longitude>
			<latitude>39.06782694741557</latitude>
			<altitude>1554.700289114706</altitude>
			<heading>1.698608184871903</heading>
			<tilt>0.2229762829661001</tilt>
			<gx:fovy>59.99999983</gx:fovy>
			<range>36.25587559331053</range>
			<altitudeMode>absolute</altitudeMode>
		</LookAt>
		<styleUrl>#__managed_style_0FCA5410F740EFE90714</styleUrl>
		<Point>
			<coordinates>-111.8266078992688,39.06779662936884,1554.700296518976</coordinates>
		</Point>
	</Placemark>
	<Placemark id="084CA366FF40F0730F47">
		<name>Gate</name>
		<LookAt>
			<longitude>-111.8265338295694</longitude>
			<latitude>39.06782694741557</latitude>
			<altitude>1554.700289114706</altitude>
			<heading>1.698608184871903</heading>
			<tilt>0.2229762829661001</tilt>
			<gx:fovy>59.99999983</gx:fovy>
			<range>36.25587559331053</range>
			<altitudeMode>absolute</altitudeMode>
		</LookAt>
		<styleUrl>#__managed_style_0FCA5410F740EFE90714</styleUrl>
		<Point>
			<coordinates>-111.8265631710635,39.06779725179083,1554.700298012844</coordinates>
		</Point>
	</Placemark>
	<Placemark id="02A16F923940F0735423">
		<name>Gate</name>
		<LookAt>
			<longitude>-111.8265746845046</longitude>
			<latitude>39.06736886226202</latitude>
			<altitude>1554.720141442955</altitude>
			<heading>1.698608184572608</heading>
			<tilt>0.2229762808983957</tilt>
			<gx:fovy>59.99999983</gx:fovy>
			<range>36.2360268766588</range>
			<altitudeMode>absolute</altitudeMode>
		</LookAt>
		<styleUrl>#__managed_style_0FCA5410F740EFE90714</styleUrl>
		<Point>
			<coordinates>-111.8266023573486,39.0673544283302,1554.735137267691</coordinates>
		</Point>
	</Placemark>
	<Placemark id="099444AC9540F07372E3">
		<name>Gate</name>
		<LookAt>
			<longitude>-111.8265746845046</longitude>
			<latitude>39.06736886226202</latitude>
			<altitude>1554.720141442955</altitude>
			<heading>1.698608184572608</heading>
			<tilt>0.2229762808983957</tilt>
			<gx:fovy>59.99999983</gx:fovy>
			<range>36.2360268766588</range>
			<altitudeMode>absolute</altitudeMode>
		</LookAt>
		<styleUrl>#__managed_style_0FCA5410F740EFE90714</styleUrl>
		<Point>
			<coordinates>-111.8265587641738,39.06735425627325,1554.751834095369</coordinates>
		</Point>
	</Placemark>
	<Placemark id="03D1F4704040F07394FB">
		<name>Gate</name>
		<LookAt>
			<longitude>-111.8265779610975</longitude>
			<latitude>39.06693267304206</latitude>
			<altitude>1555.102405212273</altitude>
			<heading>1.698608184729627</heading>
			<tilt>0.2229762660648638</tilt>
			<gx:fovy>59.99999983</gx:fovy>
			<range>35.85375873041812</range>
			<altitudeMode>absolute</altitudeMode>
		</LookAt>
		<styleUrl>#__managed_style_0FCA5410F740EFE90714</styleUrl>
		<Point>
			<coordinates>-111.8265515383794,39.06690816715907,1555.116900228842</coordinates>
		</Point>
	</Placemark>
	<Placemark id="081D37B79840F073AE08">
		<name>Gate</name>
		<LookAt>
			<longitude>-111.8265779610975</longitude>
			<latitude>39.06693267304206</latitude>
			<altitude>1555.102405212273</altitude>
			<heading>1.698608184729627</heading>
			<tilt>0.2229762660648638</tilt>
			<gx:fovy>59.99999983</gx:fovy>
			<range>35.85375873041812</range>
			<altitudeMode>absolute</altitudeMode>
		</LookAt>
		<styleUrl>#__managed_style_0FCA5410F740EFE90714</styleUrl>
		<Point>
			<coordinates>-111.8265741650192,39.06689442012059,1555.138968016728</coordinates>
		</Point>
	</Placemark>
	<Placemark id="01A20E756D40F073D129">
		<name>Gate</name>
		<LookAt>
			<longitude>-111.8264782524437</longitude>
			<latitude>39.06636712034853</latitude>
			<altitude>1555.614628221471</altitude>
			<heading>1.698608179605593</heading>
			<tilt>0.2229762460890392</tilt>
			<gx:fovy>59.99999983</gx:fovy>
			<range>35.34153378456722</range>
			<altitudeMode>absolute</altitudeMode>
		</LookAt>
		<styleUrl>#__managed_style_0FCA5410F740EFE90714</styleUrl>
		<Point>
			<coordinates>-111.8265411239493,39.06632287621838,1555.627529001442</coordinates>
		</Point>
	</Placemark>
	<Placemark id="06CC48C5F340F073ED04">
		<name>Gate</name>
		<LookAt>
			<longitude>-111.8257567698846</longitude>
			<latitude>39.06636627860572</latitude>
			<altitude>1556.22637010309</altitude>
			<heading>1.698608185541819</heading>
			<tilt>0.2229762239572422</tilt>
			<gx:fovy>59.99999983</gx:fovy>
			<range>34.72978712426539</range>
			<altitudeMode>absolute</altitudeMode>
		</LookAt>
		<styleUrl>#__managed_style_0FCA5410F740EFE90714</styleUrl>
		<Point>
			<coordinates>-111.8257018305136,39.06632650672153,1556.301663865795</coordinates>
		</Point>
	</Placemark>
	<Placemark id="0F527310B140F07411B4">
		<name>Gate</name>
		<LookAt>
			<longitude>-111.8257369560601</longitude>
			<latitude>39.06749428083644</latitude>
			<altitude>1555.036324243995</altitude>
			<heading>1.698608185910909</heading>
			<tilt>0.2229762634185289</tilt>
			<gx:fovy>59.99999983</gx:fovy>
			<range>35.91984386059266</range>
			<altitudeMode>absolute</altitudeMode>
		</LookAt>
		<styleUrl>#__managed_style_0FCA5410F740EFE90714</styleUrl>
		<Point>
			<coordinates>-111.8257183602614,39.06738763634546,1555.009405696068</coordinates>
		</Point>
	</Placemark>
	<Placemark id="0D300A90C540F0742E03">
		<name>Gate</name>
		<LookAt>
			<longitude>-111.8257470201266</longitude>
			<latitude>39.06700818445994</latitude>
			<altitude>1555.526026840063</altitude>
			<heading>1.698608176171789</heading>
			<tilt>0.2229762454711796</tilt>
			<gx:fovy>59.99999983</gx:fovy>
			<range>35.43013595251978</range>
			<altitudeMode>absolute</altitudeMode>
		</LookAt>
		<styleUrl>#__managed_style_0FCA5410F740EFE90714</styleUrl>
		<Point>
			<coordinates>-111.8257101243425,39.0669436116095,1556.116593503374</coordinates>
		</Point>
	</Placemark>
	<Placemark id="09089A0A8840F0744758">
		<name>Gate</name>
		<LookAt>
			<longitude>-111.8257444339206</longitude>
			<latitude>39.06790326542789</latitude>
			<altitude>1555.465164709191</altitude>
			<heading>1.698608182124646</heading>
			<tilt>0.2229762462067267</tilt>
			<gx:fovy>59.99999983</gx:fovy>
			<range>35.49100032843853</range>
			<altitudeMode>absolute</altitudeMode>
		</LookAt>
		<styleUrl>#__managed_style_0FCA5410F740EFE90714</styleUrl>
		<Point>
			<coordinates>-111.8257261336276,39.0678362392003,1555.413454985649</coordinates>
		</Point>
	</Placemark>
	<Placemark id="06CB4F6CA940F0745FD4">
		<name>Gate</name>
		<LookAt>
			<longitude>-111.825759909638</longitude>
			<latitude>39.06831403361847</latitude>
			<altitude>1555.407374521268</altitude>
			<heading>1.698608185664384</heading>
			<tilt>0.2229762469112174</tilt>
			<gx:fovy>59.99999983</gx:fovy>
			<range>35.54878787804228</range>
			<altitudeMode>absolute</altitudeMode>
		</LookAt>
		<styleUrl>#__managed_style_0FCA5410F740EFE90714</styleUrl>
		<Point>
			<coordinates>-111.8257337820583,39.06827478119041,1555.442695775117</coordinates>
		</Point>
	</Placemark>
	<Placemark id="01718C32F140F0747F3C">
		<name>Gate</name>
		<LookAt>
			<longitude>-111.8257566409179</longitude>
			<latitude>39.06849172628989</latitude>
			<altitude>1555.188575021038</altitude>
			<heading>1.698608181830356</heading>
			<tilt>0.2229762541081373</tilt>
			<gx:fovy>59.99999983</gx:fovy>
			<range>35.76758731319842</range>
			<altitudeMode>absolute</altitudeMode>
		</LookAt>
		<styleUrl>#__managed_style_0FCA5410F740EFE90714</styleUrl>
		<Point>
			<coordinates>-111.8257364048684,39.06844638243563,1555.318464909194</coordinates>
		</Point>
	</Placemark>
	<Placemark id="0F3795C6F840F074980F">
		<name>Gate</name>
		<LookAt>
			<longitude>-111.8257653465183</longitude>
			<latitude>39.06864702686508</latitude>
			<altitude>1553.856880695079</altitude>
			<heading>1.69860817846031</heading>
			<tilt>0.2229763001631885</tilt>
			<gx:fovy>59.99999983</gx:fovy>
			<range>37.09929684521285</range>
			<altitudeMode>absolute</altitudeMode>
		</LookAt>
		<styleUrl>#__managed_style_0FCA5410F740EFE90714</styleUrl>
		<Point>
			<coordinates>-111.8257355635235,39.06858405310904,1554.396852352322</coordinates>
		</Point>
	</Placemark>
	<Placemark id="01F00196A040F074AED4">
		<name>Gate</name>
		<LookAt>
			<longitude>-111.8257683885049</longitude>
			<latitude>39.06879324814601</latitude>
			<altitude>1553.61855025774</altitude>
			<heading>1.69860818407651</heading>
			<tilt>0.2229763080335407</tilt>
			<gx:fovy>59.99999983</gx:fovy>
			<range>37.33762630502952</range>
			<altitudeMode>absolute</altitudeMode>
		</LookAt>
		<styleUrl>#__managed_style_0FCA5410F740EFE90714</styleUrl>
		<Point>
			<coordinates>-111.8257390158401,39.06871810550574,1553.709577070803</coordinates>
		</Point>
	</Placemark>
	<Placemark id="056B7384DD40F074D183">
		<name>Gate</name>
		<LookAt>
			<longitude>-111.8257723130161</longitude>
			<latitude>39.06898792060336</latitude>
			<altitude>1553.564409262875</altitude>
			<heading>1.698608184088926</heading>
			<tilt>0.2229763089309079</tilt>
			<gx:fovy>59.99999983</gx:fovy>
			<range>37.39176917713394</range>
			<altitudeMode>absolute</altitudeMode>
		</LookAt>
		<styleUrl>#__managed_style_0FCA5410F740EFE90714</styleUrl>
		<Point>
			<coordinates>-111.8257419105407,39.06885227129705,1553.618549328316</coordinates>
		</Point>
	</Placemark>
	<Placemark id="05FC192C3E40F0752D81">
		<name>Gate</name>
		<LookAt>
			<longitude>-111.8257723130161</longitude>
			<latitude>39.06898792060336</latitude>
			<altitude>1553.564409262875</altitude>
			<heading>1.698608184088926</heading>
			<tilt>0.2229763089309079</tilt>
			<gx:fovy>59.99999983</gx:fovy>
			<range>37.39176917713394</range>
			<altitudeMode>absolute</altitudeMode>
		</LookAt>
		<styleUrl>#__managed_style_0FCA5410F740EFE90714</styleUrl>
		<Point>
			<coordinates>-111.825742596453,39.06898958136336,1553.562918871371</coordinates>
		</Point>
	</Placemark>
	<Placemark id="0239B252D240F075B921">
		<name>Gate</name>
		<LookAt>
			<longitude>-111.8274243732615</longitude>
			<latitude>39.06634387499139</latitude>
			<altitude>1555.640648869424</altitude>
			<heading>1.69860818075271</heading>
			<tilt>0.2229762274895033</tilt>
			<gx:fovy>59.99999983</gx:fovy>
			<range>35.31551403208596</range>
			<altitudeMode>absolute</altitudeMode>
		</LookAt>
		<styleUrl>#__managed_style_0FCA5410F740EFE90714</styleUrl>
		<Point>
			<coordinates>-111.827466468938,39.06631287715066,1555.675575722129</coordinates>
		</Point>
	</Placemark>
	<Placemark id="050FC591FC40F075D68B">
		<name>Gate</name>
		<LookAt>
			<longitude>-111.8274188107695</longitude>
			<latitude>39.06696846431949</latitude>
			<altitude>1555.009381873389</altitude>
			<heading>1.698608184567508</heading>
			<tilt>0.2229762474587914</tilt>
			<gx:fovy>59.99999983</gx:fovy>
			<range>35.94678492264848</range>
			<altitudeMode>absolute</altitudeMode>
		</LookAt>
		<styleUrl>#__managed_style_0FCA5410F740EFE90714</styleUrl>
		<Point>
			<coordinates>-111.8274741600605,39.06691424256169,1555.009368816184</coordinates>
		</Point>
	</Placemark>
	<Placemark id="0D3ED3398640F075F73B">
		<name>Gate</name>
		<LookAt>
			<longitude>-111.827426611011</longitude>
			<latitude>39.06741911154025</latitude>
			<altitude>1554.391245325492</altitude>
			<heading>1.698608182116266</heading>
			<tilt>0.2229762680492063</tilt>
			<gx:fovy>59.99999983</gx:fovy>
			<range>36.56492570317369</range>
			<altitudeMode>absolute</altitudeMode>
		</LookAt>
		<styleUrl>#__managed_style_0FCA5410F740EFE90714</styleUrl>
		<Point>
			<coordinates>-111.827480491208,39.06738555636129,1554.391249316215</coordinates>
		</Point>
	</Placemark>
	<Placemark id="0B45AE99E640F0760F88">
		<name>Gate</name>
		<LookAt>
			<longitude>-111.8274612617804</longitude>
			<latitude>39.0678035746249</latitude>
			<altitude>1554.391238761523</altitude>
			<heading>1.698608185913537</heading>
			<tilt>0.2229762668036799</tilt>
			<gx:fovy>59.99999983</gx:fovy>
			<range>36.56493439477345</range>
			<altitudeMode>absolute</altitudeMode>
		</LookAt>
		<styleUrl>#__managed_style_0FCA5410F740EFE90714</styleUrl>
		<Point>
			<coordinates>-111.8274860161653,39.06783139294293,1554.326175809598</coordinates>
		</Point>
	</Placemark>
	<Placemark id="033147167B40F0762928">
		<name>Gate</name>
		<LookAt>
			<longitude>-111.827468330787</longitude>
			<latitude>39.06832508654641</latitude>
			<altitude>1554.197915879327</altitude>
			<heading>1.698608180632968</heading>
			<tilt>0.222976272442874</tilt>
			<gx:fovy>59.99999983</gx:fovy>
			<range>36.75825875103328</range>
			<altitudeMode>absolute</altitudeMode>
		</LookAt>
		<styleUrl>#__managed_style_0FCA5410F740EFE90714</styleUrl>
		<Point>
			<coordinates>-111.8274923879487,39.06827433129583,1554.19683376101</coordinates>
		</Point>
	</Placemark>
	<Placemark id="096E97924840F0763FB9">
		<name>Gate</name>
		<LookAt>
			<longitude>-111.8274727097333</longitude>
			<latitude>39.06851162520858</latitude>
			<altitude>1553.98089567434</altitude>
			<heading>1.698608184422206</heading>
			<tilt>0.2229762797329623</tilt>
			<gx:fovy>59.99999983</gx:fovy>
			<range>36.97527930543856</range>
			<altitudeMode>absolute</altitudeMode>
		</LookAt>
		<styleUrl>#__managed_style_0FCA5410F740EFE90714</styleUrl>
		<Point>
			<coordinates>-111.8274947949501,39.06847277647683,1554.020665615447</coordinates>
		</Point>
	</Placemark>
	<Placemark id="0CF7DA4B4440F0765713">
		<name>Gate</name>
		<LookAt>
			<longitude>-111.8274662487207</longitude>
			<latitude>39.06872815063063</latitude>
			<altitude>1553.82676621593</altitude>
			<heading>1.698608187231478</heading>
			<tilt>0.2229762845303634</tilt>
			<gx:fovy>59.99999983</gx:fovy>
			<range>37.12941034118103</range>
			<altitudeMode>absolute</altitudeMode>
		</LookAt>
		<styleUrl>#__managed_style_0FCA5410F740EFE90714</styleUrl>
		<Point>
			<coordinates>-111.8274984632715,39.06871259629689,1553.823833624337</coordinates>
		</Point>
	</Placemark>
	<Placemark id="09570BBF2940F0766FAC">
		<name>Gate</name>
		<LookAt>
			<longitude>-111.8274767749421</longitude>
			<latitude>39.06894289766709</latitude>
			<altitude>1553.745845948102</altitude>
			<heading>1.698608184401043</heading>
			<tilt>0.2229762868971902</tilt>
			<gx:fovy>59.99999983</gx:fovy>
			<range>37.21032913494582</range>
			<altitudeMode>absolute</altitudeMode>
		</LookAt>
		<styleUrl>#__managed_style_0FCA5410F740EFE90714</styleUrl>
		<Point>
			<coordinates>-111.8275000192716,39.06889153120046,1553.77307455442</coordinates>
		</Point>
	</Placemark>
	<Placemark id="05CB71EC7B40F07685B9">
		<name>Gate</name>
		<LookAt>
			<longitude>-111.8274842226167</longitude>
			<latitude>39.06916888872193</latitude>
			<altitude>1553.531865971061</altitude>
			<heading>1.698608186300175</heading>
			<tilt>0.2229762936903752</tilt>
			<gx:fovy>59.99999983</gx:fovy>
			<range>37.42431052663505</range>
			<altitudeMode>absolute</altitudeMode>
		</LookAt>
		<styleUrl>#__managed_style_0FCA5410F740EFE90714</styleUrl>
		<Point>
			<coordinates>-111.8275039332218,39.0691563313629,1553.534294913873</coordinates>
		</Point>
	</Placemark>
	<Placemark id="0B912F2DE040F0769BD0">
		<name>Gate</name>
		<LookAt>
			<longitude>-111.8274915700028</longitude>
			<latitude>39.06936853382742</latitude>
			<altitude>1553.309474851135</altitude>
			<heading>1.698608182578234</heading>
			<tilt>0.2229763006404767</tilt>
			<gx:fovy>59.99999983</gx:fovy>
			<range>37.64670538689188</range>
			<altitudeMode>absolute</altitudeMode>
		</LookAt>
		<styleUrl>#__managed_style_0FCA5410F740EFE90714</styleUrl>
		<Point>
			<coordinates>-111.827506513096,39.06933865825967,1553.348404253432</coordinates>
		</Point>
	</Placemark>
	<Placemark id="0768530D8C40F076B600">
		<name>Gate</name>
		<LookAt>
			<longitude>-111.8278745978127</longitude>
			<latitude>39.06954363268848</latitude>
			<altitude>1552.73834186927</altitude>
			<heading>1.698608189624698</heading>
			<tilt>0.2229763187954092</tilt>
			<gx:fovy>59.99999983</gx:fovy>
			<range>38.2178448931154</range>
			<altitudeMode>absolute</altitudeMode>
		</LookAt>
		<styleUrl>#__managed_style_0FCA5410F740EFE90714</styleUrl>
		<Point>
			<coordinates>-111.8278881927583,39.06952543839232,1552.754906585763</coordinates>
		</Point>
	</Placemark>
	<Placemark id="05F116E9EA40F076C748">
		<name>Gate</name>
		<LookAt>
			<longitude>-111.8278745978127</longitude>
			<latitude>39.06954363268848</latitude>
			<altitude>1552.73834186927</altitude>
			<heading>1.698608189624698</heading>
			<tilt>0.2229763187954092</tilt>
			<gx:fovy>59.99999983</gx:fovy>
			<range>38.2178448931154</range>
			<altitudeMode>absolute</altitudeMode>
		</LookAt>
		<styleUrl>#__managed_style_0FCA5410F740EFE90714</styleUrl>
		<Point>
			<coordinates>-111.8279353548364,39.06955747480806,1552.673998048199</coordinates>
		</Point>
	</Placemark>
	<Placemark id="0A285A8EBC40F0770310">
		<name>Gate</name>
		<LookAt>
			<longitude>-111.8285517060435</longitude>
			<latitude>39.06634068899586</latitude>
			<altitude>1555.627529990281</altitude>
			<heading>1.69860818149524</heading>
			<tilt>0.2229762135304517</tilt>
			<gx:fovy>59.99999983</gx:fovy>
			<range>35.32862675892375</range>
			<altitudeMode>absolute</altitudeMode>
		</LookAt>
		<styleUrl>#__managed_style_0FCA5410F740EFE90714</styleUrl>
		<Point>
			<coordinates>-111.8285582902227,39.06630401551287,1555.641125314517</coordinates>
		</Point>
	</Placemark>
	<Placemark id="03BFC46C9240F0772493">
		<name>Gate</name>
		<LookAt>
			<longitude>-111.8279114159611</longitude>
			<latitude>39.066333243287</latitude>
			<altitude>1555.630571297604</altitude>
			<heading>1.698608184372691</heading>
			<tilt>0.2229762125023201</tilt>
			<gx:fovy>59.99999983</gx:fovy>
			<range>35.32559339060754</range>
			<altitudeMode>absolute</altitudeMode>
		</LookAt>
		<styleUrl>#__managed_style_0FCA5410F740EFE90714</styleUrl>
		<Point>
			<coordinates>-111.8278177066583,39.06631517856915,1555.627537923629</coordinates>
		</Point>
	</Placemark>
	<Placemark id="0AA4BC4BD340F077F6F3">
		<name>Gate</name>
		<LookAt>
			<longitude>-111.8274134041319</longitude>
			<latitude>39.06989524984754</latitude>
			<altitude>1552.824304638582</altitude>
			<heading>1.698608186708678</heading>
			<tilt>0.222976299679362</tilt>
			<gx:fovy>59.99999983</gx:fovy>
			<range>38.13188207428993</range>
			<altitudeMode>absolute</altitudeMode>
		</LookAt>
		<styleUrl>#__managed_style_0FCA5410F740EFE90714</styleUrl>
		<Point>
			<coordinates>-111.8272662802735,39.06982373613956,1552.991442439754</coordinates>
		</Point>
	</Placemark>
	<Placemark id="030A2100FA40F07812A4">
		<name>Gate</name>
		<LookAt>
			<longitude>-111.8274134041319</longitude>
			<latitude>39.06989524984754</latitude>
			<altitude>1552.824304638582</altitude>
			<heading>1.698608186708678</heading>
			<tilt>0.222976299679362</tilt>
			<gx:fovy>59.99999983</gx:fovy>
			<range>38.13188207428993</range>
			<altitudeMode>absolute</altitudeMode>
		</LookAt>
		<styleUrl>#__managed_style_0FCA5410F740EFE90714</styleUrl>
		<Point>
			<coordinates>-111.8275896466937,39.06982496163247,1552.676041879863</coordinates>
		</Point>
	</Placemark>
	<Placemark id="0EB75528E640F0782F67">
		<name>Gate</name>
		<LookAt>
			<longitude>-111.8274026828278</longitude>
			<latitude>39.07014446926345</latitude>
			<altitude>1552.506376102004</altitude>
			<heading>1.698608184148238</heading>
			<tilt>0.2229763090110008</tilt>
			<gx:fovy>59.99999983</gx:fovy>
			<range>38.44981210190781</range>
			<altitudeMode>absolute</altitudeMode>
		</LookAt>
		<styleUrl>#__managed_style_0FCA5410F740EFE90714</styleUrl>
		<Point>
			<coordinates>-111.827628578968,39.07006405868511,1552.309839165525</coordinates>
		</Point>
	</Placemark>
	<Placemark id="0542B084E540F0784B08">
		<name>Gate</name>
		<LookAt>
			<longitude>-111.8274786586889</longitude>
			<latitude>39.06976073283975</latitude>
			<altitude>1552.945031771256</altitude>
			<heading>1.69860818585346</heading>
			<tilt>0.2229762924726363</tilt>
			<gx:fovy>59.99999983</gx:fovy>
			<range>38.01114706202497</range>
			<altitudeMode>absolute</altitudeMode>
		</LookAt>
		<styleUrl>#__managed_style_0FCA5410F740EFE90714</styleUrl>
		<Point>
			<coordinates>-111.827645188708,39.06975511503744,1552.536793226787</coordinates>
		</Point>
	</Placemark>
	<Placemark id="03C1F3C15240F0786CA0">
		<name>Gate</name>
		<LookAt>
			<longitude>-111.8269971425469</longitude>
			<latitude>39.07046932051905</latitude>
			<altitude>1551.949778650823</altitude>
			<heading>1.698608184651153</heading>
			<tilt>0.2229763252551454</tilt>
			<gx:fovy>59.99999983</gx:fovy>
			<range>39.00641345893291</range>
			<altitudeMode>absolute</altitudeMode>
		</LookAt>
		<styleUrl>#__managed_style_0FCA5410F740EFE90714</styleUrl>
		<Point>
			<coordinates>-111.8269130351002,39.07049669073806,1552.199590583931</coordinates>
		</Point>
	</Placemark>
	<Placemark id="0035B5DC7640F07889EF">
		<name>Gate</name>
		<LookAt>
			<longitude>-111.8265996124773</longitude>
			<latitude>39.07098497058968</latitude>
			<altitude>1551.881061575791</altitude>
			<heading>1.698608185137234</heading>
			<tilt>0.2229763262260673</tilt>
			<gx:fovy>59.99999983</gx:fovy>
			<range>39.07512924663479</range>
			<altitudeMode>absolute</altitudeMode>
		</LookAt>
		<styleUrl>#__managed_style_0FCA5410F740EFE90714</styleUrl>
		<Point>
			<coordinates>-111.8264584480473,39.0709129186966,1551.63371652778</coordinates>
		</Point>
	</Placemark>
	<Placemark id="09E5D3741F40F0789E34">
		<name>Gate</name>
		<LookAt>
			<longitude>-111.8265996124773</longitude>
			<latitude>39.07098497058968</latitude>
			<altitude>1551.881061575791</altitude>
			<heading>1.698608185137234</heading>
			<tilt>0.2229763262260673</tilt>
			<gx:fovy>59.99999983</gx:fovy>
			<range>39.07512924663479</range>
			<altitudeMode>absolute</altitudeMode>
		</LookAt>
		<styleUrl>#__managed_style_0FCA5410F740EFE90714</styleUrl>
		<Point>
			<coordinates>-111.8266699055143,39.07107773139283,1551.715325593572</coordinates>
		</Point>
	</Placemark>
	<Placemark id="07CC04FE7E40F078C330">
		<name>Gate</name>
		<LookAt>
			<longitude>-111.8261077162164</longitude>
			<latitude>39.0715064002239</latitude>
			<altitude>1551.45505677048</altitude>
			<heading>1.698608186360833</heading>
			<tilt>0.2229763392795719</tilt>
			<gx:fovy>59.99999983</gx:fovy>
			<range>39.50113931726719</range>
			<altitudeMode>absolute</altitudeMode>
		</LookAt>
		<styleUrl>#__managed_style_0FCA5410F740EFE90714</styleUrl>
		<Point>
			<coordinates>-111.8263024668891,39.07155887280162,1551.455030037869</coordinates>
		</Point>
	</Placemark>
	<Placemark id="0DCDCE932940F078D940">
		<name>Gate</name>
		<LookAt>
			<longitude>-111.8260978886692</longitude>
			<latitude>39.07128861560677</latitude>
			<altitude>1551.63752654514</altitude>
			<heading>1.698608183905349</heading>
			<tilt>0.2229763323262025</tilt>
			<gx:fovy>59.99999983</gx:fovy>
			<range>39.31866787190757</range>
			<altitudeMode>absolute</altitudeMode>
		</LookAt>
		<styleUrl>#__managed_style_0FCA5410F740EFE90714</styleUrl>
		<Point>
			<coordinates>-111.8260629810239,39.07129565518689,1551.647638652772</coordinates>
		</Point>
	</Placemark>
	<Placemark id="094260303640F07900DE">
		<name>Gate</name>
		<LookAt>
			<longitude>-111.825630600144</longitude>
			<latitude>39.07154122208978</latitude>
			<altitude>1551.609575166661</altitude>
			<heading>1.698608187635499</heading>
			<tilt>0.2229763306164647</tilt>
			<gx:fovy>59.99999983</gx:fovy>
			<range>39.34662005673545</range>
			<altitudeMode>absolute</altitudeMode>
		</LookAt>
		<styleUrl>#__managed_style_0FCA5410F740EFE90714</styleUrl>
		<Point>
			<coordinates>-111.8254256690831,39.07145748247591,1551.879291567715</coordinates>
		</Point>
	</Placemark>
	<Placemark id="07AA3C0EC940F0793377">
		<name>Gate</name>
		<LookAt>
			<longitude>-111.8255850947323</longitude>
			<latitude>39.07108848442191</latitude>
			<altitude>1551.891793531424</altitude>
			<heading>1.698608187493894</heading>
			<tilt>0.2229763174011392</tilt>
			<gx:fovy>59.99999983</gx:fovy>
			<range>39.06439801813121</range>
			<altitudeMode>absolute</altitudeMode>
		</LookAt>
		<styleUrl>#__managed_style_0FCA5410F740EFE90714</styleUrl>
		<Point>
			<coordinates>-111.8253882474396,39.07101655021673,1552.424403465915</coordinates>
		</Point>
	</Placemark>
	<Placemark id="0AFC5853B440F0794B0F">
		<name>Gate</name>
		<LookAt>
			<longitude>-111.8255564217174</longitude>
			<latitude>39.07136388350486</latitude>
			<altitude>1551.707688720292</altitude>
			<heading>1.698608187884851</heading>
			<tilt>0.2229763233133016</tilt>
			<gx:fovy>59.99999983</gx:fovy>
			<range>39.2485034842457</range>
			<altitudeMode>absolute</altitudeMode>
		</LookAt>
		<styleUrl>#__managed_style_0FCA5410F740EFE90714</styleUrl>
		<Point>
			<coordinates>-111.8253677456295,39.07145452347504,1551.937738230301</coordinates>
		</Point>
	</Placemark>
	<Placemark id="0156BB804640F0796967">
		<name>Gate</name>
		<LookAt>
			<longitude>-111.8254535714991</longitude>
			<latitude>39.07098952201129</latitude>
			<altitude>1552.52324486039</altitude>
			<heading>1.698608185157285</heading>
			<tilt>0.2229762936266278</tilt>
			<gx:fovy>59.99999983</gx:fovy>
			<range>38.4329388095739</range>
			<altitudeMode>absolute</altitudeMode>
		</LookAt>
		<styleUrl>#__managed_style_0FCA5410F740EFE90714</styleUrl>
		<Point>
			<coordinates>-111.8253587433593,39.07097616989209,1552.536783844839</coordinates>
		</Point>
	</Placemark>
	<Placemark id="02D57DFAA140F0797FB8">
		<name>Gate</name>
		<LookAt>
			<longitude>-111.8254535714991</longitude>
			<latitude>39.07098952201129</latitude>
			<altitude>1552.52324486039</altitude>
			<heading>1.698608185157285</heading>
			<tilt>0.2229762936266278</tilt>
			<gx:fovy>59.99999983</gx:fovy>
			<range>38.4329388095739</range>
			<altitudeMode>absolute</altitudeMode>
		</LookAt>
		<styleUrl>#__managed_style_0FCA5410F740EFE90714</styleUrl>
		<Point>
			<coordinates>-111.825305302593,39.07097231201764,1552.536775651195</coordinates>
		</Point>
	</Placemark>
	<Placemark id="035F453CD040F079991F">
		<name>Gate</name>
		<LookAt>
			<longitude>-111.8254424233286</longitude>
			<latitude>39.07115762405502</latitude>
			<altitude>1552.030912727196</altitude>
			<heading>1.698608185655978</heading>
			<tilt>0.2229763103170053</tilt>
			<gx:fovy>59.99999983</gx:fovy>
			<range>38.92527737517413</range>
			<altitudeMode>absolute</altitudeMode>
		</LookAt>
		<styleUrl>#__managed_style_0FCA5410F740EFE90714</styleUrl>
		<Point>
			<coordinates>-111.8253081040692,39.07109865194879,1552.502858119</coordinates>
		</Point>
	</Placemark>
	<Placemark id="0B92D72DE440F079B120">
		<name>Gate</name>
		<LookAt>
			<longitude>-111.8251471049353</longitude>
			<latitude>39.07113459115537</latitude>
			<altitude>1552.007583367185</altitude>
			<heading>1.698608184421724</heading>
			<tilt>0.2229763106455495</tilt>
			<gx:fovy>59.99999983</gx:fovy>
			<range>38.94860852612965</range>
			<altitudeMode>absolute</altitudeMode>
		</LookAt>
		<styleUrl>#__managed_style_0FCA5410F740EFE90714</styleUrl>
		<Point>
			<coordinates>-111.8249548134153,39.07108642891315,1552.396877190695</coordinates>
		</Point>
	</Placemark>
	<Placemark id="0048AB661040F079CDD0">
		<name>Gate</name>
		<LookAt>
			<longitude>-111.8251537142894</longitude>
			<latitude>39.07129175213746</latitude>
			<altitude>1551.862359315665</altitude>
			<heading>1.698608190342535</heading>
			<tilt>0.2229763146730775</tilt>
			<gx:fovy>59.99999983</gx:fovy>
			<range>39.09383356931812</range>
			<altitudeMode>absolute</altitudeMode>
		</LookAt>
		<styleUrl>#__managed_style_0FCA5410F740EFE90714</styleUrl>
		<Point>
			<coordinates>-111.824969126364,39.0712126732703,1551.975127680303</coordinates>
		</Point>
	</Placemark>
	<Placemark id="0B61FB2F9E40F079F4F6">
		<name>Gate</name>
		<LookAt>
			<longitude>-111.8252141846603</longitude>
			<latitude>39.07087927163845</latitude>
			<altitude>1552.514258545514</altitude>
			<heading>1.698608188659725</heading>
			<tilt>0.2229762885578918</tilt>
			<gx:fovy>59.99999983</gx:fovy>
			<range>38.44192882092557</range>
			<altitudeMode>absolute</altitudeMode>
		</LookAt>
		<styleUrl>#__managed_style_0FCA5410F740EFE90714</styleUrl>
		<Point>
			<coordinates>-111.8249515733172,39.07081110541587,1552.4221188328</coordinates>
		</Point>
	</Placemark>
	<Placemark id="052CCE914C40F07A0D90">
		<name>Gate</name>
		<LookAt>
			<longitude>-111.8252141846603</longitude>
			<latitude>39.07087927163845</latitude>
			<altitude>1552.514258545514</altitude>
			<heading>1.698608188659725</heading>
			<tilt>0.2229762885578918</tilt>
			<gx:fovy>59.99999983</gx:fovy>
			<range>38.44192882092557</range>
			<altitudeMode>absolute</altitudeMode>
		</LookAt>
		<styleUrl>#__managed_style_0FCA5410F740EFE90714</styleUrl>
		<Point>
			<coordinates>-111.825305784449,39.07082008493109,1552.668258574912</coordinates>
		</Point>
	</Placemark>
	<Placemark id="023860F47340F07A260E">
		<name>Gate</name>
		<LookAt>
			<longitude>-111.8252247782754</longitude>
			<latitude>39.07069987583597</latitude>
			<altitude>1552.631426282767</altitude>
			<heading>1.698608185501082</heading>
			<tilt>0.2229762840073077</tilt>
			<gx:fovy>59.99999983</gx:fovy>
			<range>38.32476026176209</range>
			<altitudeMode>absolute</altitudeMode>
		</LookAt>
		<styleUrl>#__managed_style_0FCA5410F740EFE90714</styleUrl>
		<Point>
			<coordinates>-111.8253033282628,39.07069228692898,1552.612904278555</coordinates>
		</Point>
	</Placemark>
	<Placemark id="0361A5F84040F07A3D10">
		<name>Gate</name>
		<LookAt>
			<longitude>-111.8252247782754</longitude>
			<latitude>39.07069987583597</latitude>
			<altitude>1552.631426282767</altitude>
			<heading>1.698608185501082</heading>
			<tilt>0.2229762840073077</tilt>
			<gx:fovy>59.99999983</gx:fovy>
			<range>38.32476026176209</range>
			<altitudeMode>absolute</altitudeMode>
		</LookAt>
		<styleUrl>#__managed_style_0FCA5410F740EFE90714</styleUrl>
		<Point>
			<coordinates>-111.824950001075,39.07067406909406,1552.546590224318</coordinates>
		</Point>
	</Placemark>
	<Placemark id="03ADC3AD1A40F07A5BA9">
		<name>Gate</name>
		<LookAt>
			<longitude>-111.8252571966197</longitude>
			<latitude>39.07059501527644</latitude>
			<altitude>1552.845850961605</altitude>
			<heading>1.698608184020941</heading>
			<tilt>0.222976276132051</tilt>
			<gx:fovy>59.99999983</gx:fovy>
			<range>38.11032980408527</range>
			<altitudeMode>absolute</altitudeMode>
		</LookAt>
		<styleUrl>#__managed_style_0FCA5410F740EFE90714</styleUrl>
		<Point>
			<coordinates>-111.8253004492792,39.07054628816705,1552.845861874203</coordinates>
		</Point>
	</Placemark>
	<Placemark id="0E6ABC035040F07A70A8">
		<name>Gate</name>
		<LookAt>
			<longitude>-111.8252571966197</longitude>
			<latitude>39.07059501527644</latitude>
			<altitude>1552.845850961605</altitude>
			<heading>1.698608184020941</heading>
			<tilt>0.222976276132051</tilt>
			<gx:fovy>59.99999983</gx:fovy>
			<range>38.11032980408527</range>
			<altitudeMode>absolute</altitudeMode>
		</LookAt>
		<styleUrl>#__managed_style_0FCA5410F740EFE90714</styleUrl>
		<Point>
			<coordinates>-111.8249477008853,39.0705339663872,1552.947088641734</coordinates>
		</Point>
	</Placemark>
	<Placemark id="04E56C98AB40F07A8CEC">
		<name>Gate</name>
		<LookAt>
			<longitude>-111.825262867579</longitude>
			<latitude>39.07039968490943</latitude>
			<altitude>1553.257397420863</altitude>
			<heading>1.698608185774668</heading>
			<tilt>0.2229762609797817</tilt>
			<gx:fovy>59.99999983</gx:fovy>
			<range>37.69878255545337</range>
			<altitudeMode>absolute</altitudeMode>
		</LookAt>
		<styleUrl>#__managed_style_0FCA5410F740EFE90714</styleUrl>
		<Point>
			<coordinates>-111.8252980697737,39.07040891036694,1553.129917411718</coordinates>
		</Point>
	</Placemark>
	<Placemark id="00A0B93AB040F07AE834">
		<name>Gate</name>
		<LookAt>
			<longitude>-111.8254065193296</longitude>
			<latitude>39.07052186653393</latitude>
			<altitude>1552.785522263522</altitude>
			<heading>1.698608188516918</heading>
			<tilt>0.2229762758770613</tilt>
			<gx:fovy>59.99999983</gx:fovy>
			<range>38.17066109521875</range>
			<altitudeMode>absolute</altitudeMode>
		</LookAt>
		<styleUrl>#__managed_style_0FCA5410F740EFE90714</styleUrl>
		<Point>
			<coordinates>-111.8253562195727,39.07052005458147,1552.84587353515</coordinates>
		</Point>
	</Placemark>
	<Placemark id="02BB98AC0B40F07B3A1F">
		<name>Gate</name>
		<LookAt>
			<longitude>-111.826266494966</longitude>
			<latitude>39.06906873052377</latitude>
			<altitude>1553.474871763352</altitude>
			<heading>1.69860818622675</heading>
			<tilt>0.2229762450756187</tilt>
			<gx:fovy>59.99999983</gx:fovy>
			<range>37.48130714066065</range>
			<altitudeMode>absolute</altitudeMode>
		</LookAt>
		<styleUrl>#__managed_style_0FCA5410F740EFE90714</styleUrl>
		<Point>
			<coordinates>-111.8261104002451,39.06911414549292,1553.436525774786</coordinates>
		</Point>
	</Placemark>
	<Placemark id="03ED28319640F07B571C">
		<name>Gate</name>
		<LookAt>
			<longitude>-111.826249240347</longitude>
			<latitude>39.06908671042654</latitude>
			<altitude>1553.466460549734</altitude>
			<heading>1.698608185521467</heading>
			<tilt>0.2229762445460247</tilt>
			<gx:fovy>59.99999983</gx:fovy>
			<range>37.48971771202832</range>
			<altitudeMode>absolute</altitudeMode>
		</LookAt>
		<styleUrl>#__managed_style_0FCA5410F740EFE90714</styleUrl>
		<Point>
			<coordinates>-111.8262602287034,39.06911283984127,1553.444731384821</coordinates>
		</Point>
	</Placemark>
	<Placemark id="0EB323E44640F07B72F6">
		<name>Gate</name>
		<LookAt>
			<longitude>-111.826249240347</longitude>
			<latitude>39.06908671042654</latitude>
			<altitude>1553.466460549734</altitude>
			<heading>1.698608185521467</heading>
			<tilt>0.2229762445460247</tilt>
			<gx:fovy>59.99999983</gx:fovy>
			<range>37.48971771202832</range>
			<altitudeMode>absolute</altitudeMode>
		</LookAt>
		<styleUrl>#__managed_style_0FCA5410F740EFE90714</styleUrl>
		<Point>
			<coordinates>-111.8264475973923,39.06911286931293,1553.464029102995</coordinates>
		</Point>
	</Placemark>
	<Placemark id="0B3C495D3340F07B87B7">
		<name>Gate</name>
		<LookAt>
			<longitude>-111.826249240347</longitude>
			<latitude>39.06908671042654</latitude>
			<altitude>1553.466460549734</altitude>
			<heading>1.698608185521467</heading>
			<tilt>0.2229762445460247</tilt>
			<gx:fovy>59.99999983</gx:fovy>
			<range>37.48971771202832</range>
			<altitudeMode>absolute</altitudeMode>
		</LookAt>
		<styleUrl>#__managed_style_0FCA5410F740EFE90714</styleUrl>
		<Point>
			<coordinates>-111.8264497186957,39.06914586140512,1553.464015093731</coordinates>
		</Point>
	</Placemark>
	<Placemark id="0F47F1C1E240F07B9F98">
		<name>Gate</name>
		<LookAt>
			<longitude>-111.826249240347</longitude>
			<latitude>39.06908671042654</latitude>
			<altitude>1553.466460549734</altitude>
			<heading>1.698608185521467</heading>
			<tilt>0.2229762445460247</tilt>
			<gx:fovy>59.99999983</gx:fovy>
			<range>37.48971771202832</range>
			<altitudeMode>absolute</altitudeMode>
		</LookAt>
		<styleUrl>#__managed_style_0FCA5410F740EFE90714</styleUrl>
		<Point>
			<coordinates>-111.8263071310598,39.06914610848247,1553.397130571211</coordinates>
		</Point>
	</Placemark>
	<Placemark id="0D375ABE2F40F07BB8A4">
		<name>Gate</name>
		<LookAt>
			<longitude>-111.826249240347</longitude>
			<latitude>39.06908671042654</latitude>
			<altitude>1553.466460549734</altitude>
			<heading>1.698608185521467</heading>
			<tilt>0.2229762445460247</tilt>
			<gx:fovy>59.99999983</gx:fovy>
			<range>37.48971771202832</range>
			<altitudeMode>absolute</altitudeMode>
		</LookAt>
		<styleUrl>#__managed_style_0FCA5410F740EFE90714</styleUrl>
		<Point>
			<coordinates>-111.826123816599,39.06914621035946,1553.376878094101</coordinates>
		</Point>
	</Placemark>
	<Placemark id="0C8C5BF12640F07D81E9">
		<name>Feed Lane 1</name>
		<LookAt>
			<longitude>-111.8258577257437</longitude>
			<latitude>39.06910517243256</latitude>
			<altitude>1553.450216033247</altitude>
			<heading>1.69860821950857</heading>
			<tilt>0</tilt>
			<gx:fovy>59.99999983</gx:fovy>
			<range>58.14016201160486</range>
			<altitudeMode>absolute</altitudeMode>
		</LookAt>
		<styleUrl>#__managed_style_0FCA5410F740EFE90714</styleUrl>
		<LineString>
			<coordinates>
				-111.8257009407614,39.06631075147696,0 -111.8257429059516,39.06911479665365,0 
			</coordinates>
		</LineString>
	</Placemark>
	<Placemark id="0953CA598440F07E0BBB">
		<name>Feed Lane 2</name>
		<LookAt>
			<longitude>-111.8275280784425</longitude>
			<latitude>39.0663136936763</latitude>
			<altitude>1555.674589664098</altitude>
			<heading>1.698608219306633</heading>
			<tilt>0</tilt>
			<gx:fovy>59.99999983</gx:fovy>
			<range>55.91578462344842</range>
			<altitudeMode>absolute</altitudeMode>
		</LookAt>
		<styleUrl>#__managed_style_0FCA5410F740EFE90714</styleUrl>
		<LineString>
			<coordinates>
				-111.8275106841976,39.06957826635862,0 -111.8274704260456,39.06629739052158,0 -111.827472418578,39.06628851981716,0 
			</coordinates>
		</LineString>
	</Placemark>
	<Placemark id="0872EE60B440F07E790C">
		<name>Feed Lane 3</name>
		<LookAt>
			<longitude>-111.827839869535</longitude>
			<latitude>39.06936239360647</latitude>
			<altitude>1553.345370399892</altitude>
			<heading>1.698608219191394</heading>
			<tilt>0</tilt>
			<gx:fovy>59.99999983</gx:fovy>
			<range>58.24500008790892</range>
			<altitudeMode>absolute</altitudeMode>
		</LookAt>
		<styleUrl>#__managed_style_0FCA5410F740EFE90714</styleUrl>
		<LineString>
			<coordinates>
				-111.8278164132075,39.06629263558806,0 -111.8278592033352,39.06951119004955,0 
			</coordinates>
		</LineString>
	</Placemark>
	<Placemark id="06CC666D2040F07EDE34">
		<name>Feed Lane 4</name>
		<LookAt>
			<longitude>-111.829173295058</longitude>
			<latitude>39.0664565536689</latitude>
			<altitude>1555.063805348076</altitude>
			<heading>1.698608219008557</heading>
			<tilt>0</tilt>
			<gx:fovy>59.99999983</gx:fovy>
			<range>56.52657231057675</range>
			<altitudeMode>absolute</altitudeMode>
		</LookAt>
		<styleUrl>#__managed_style_0FCA5410F740EFE90714</styleUrl>
		<LineString>
			<coordinates>
				-111.829314929698,39.06943337335829,0 -111.8292765192212,39.06642805541115,0 
			</coordinates>
		</LineString>
	</Placemark>
	<Placemark id="0FCD847F5F40F07F6CC8">
		<name>Feed Lane 5</name>
		<LookAt>
			<longitude>-111.8261342792273</longitude>
			<latitude>39.07201688872843</latitude>
			<altitude>1551.303309686072</altitude>
			<heading>1.698608218657474</heading>
			<tilt>0</tilt>
			<gx:fovy>59.99999983</gx:fovy>
			<range>60.28706827390124</range>
			<altitudeMode>absolute</altitudeMode>
		</LookAt>
		<styleUrl>#__managed_style_0FCA5410F740EFE90714</styleUrl>
		<LineString>
			<coordinates>
				-111.8276348128798,39.07032483657859,0 -111.8271363897229,39.07066809672536,0 -111.826687247078,39.07108911591202,0 -111.8263298956855,39.07156714917231,0 -111.8260970599865,39.07201775028037,0 
			</coordinates>
		</LineString>
	</Placemark>
	<Placemark id="091B780FA540F07FC4D8">
		<name>Feed Lane 6</name>
		<LookAt>
			<longitude>-111.825921643706</longitude>
			<latitude>39.07041176991356</latitude>
			<altitude>1552.754677803165</altitude>
			<heading>1.698608218484937</heading>
			<tilt>0</tilt>
			<gx:fovy>59.99999983</gx:fovy>
			<range>58.835704385192</range>
			<altitudeMode>absolute</altitudeMode>
		</LookAt>
		<styleUrl>#__managed_style_0FCA5410F740EFE90714</styleUrl>
		<LineString>
			<coordinates>
				-111.8258118730194,39.07137098105852,0 -111.8257887749379,39.07039231428305,0 
			</coordinates>
		</LineString>
	</Placemark>
	<Placemark id="05EE7FB7C440F0800EE7">
		<name>Feed Lane 7</name>
		<LookAt>
			<longitude>-111.8263316038792</longitude>
			<latitude>39.07086744574782</latitude>
			<altitude>1551.858724220994</altitude>
			<heading>1.698608218341156</heading>
			<tilt>0</tilt>
			<gx:fovy>59.99999983</gx:fovy>
			<range>59.73165766604325</range>
			<altitudeMode>absolute</altitudeMode>
		</LookAt>
		<styleUrl>#__managed_style_0FCA5410F740EFE90714</styleUrl>
		<LineString>
			<coordinates>
				-111.8262878327536,39.07008125614282,0 -111.8262990172539,39.07080382832401,0 
			</coordinates>
		</LineString>
	</Placemark>
	<Placemark id="002BE231D340F08064A8">
		<name>Feed Lane 8</name>
		<LookAt>
			<longitude>-111.8250726019794</longitude>
			<latitude>39.07137917553286</latitude>
			<altitude>1551.782880964998</altitude>
			<heading>1.698608218180637</heading>
			<tilt>0</tilt>
			<gx:fovy>59.99999983</gx:fovy>
			<range>59.80750635994809</range>
			<altitudeMode>absolute</altitudeMode>
		</LookAt>
		<styleUrl>#__managed_style_0FCA5410F740EFE90714</styleUrl>
		<LineString>
			<coordinates>
				-111.8249242521046,39.07039753306378,0 -111.8249373441524,39.07144532818529,0 
			</coordinates>
		</LineString>
	</Placemark>
</Document>
</kml>
